customer_id,customer_unique_id,customer_zip_code_prefix,customer_city,customer_state,order_id,order_status,order_purchase_timestamp,order_approved_at,order_delivered_carrier_date,order_delivered_customer_date,order_estimated_delivery_date,payment_sequential,payment_type,payment_installments,payment_value,order_item_id,product_id,seller_id,shipping_limit_date,price,freight_value,product_category_name,product_category_name_english,product_name_lenght,product_description_lenght,product_photos_qty,product_weight_g,product_length_cm,product_height_cm,product_width_cm,seller_zip_code_prefix,seller_city,seller_state,review_id,review_score,review_comment_title,review_comment_message,review_creation_date,review_answer_timestamp,Recency,Frequency,Monetary
06b8999e2fba1a1fbc88172c00ba8bc7,861eff4711a542e4b93843c6dd7febb0,14409,franca,SP,00e7ee1b050b8499577073aeb2a297a1,delivered,5/16/2017 15:05,5/16/2017 15:22,5/23/2017 10:47,5/25/2017 10:35,6/5/2017,1,credit_card,2,146.87,1,a9516a079e37a9c9c36b9b78b10169e8,7c67e1448b00f6e969d365cea6b010ab,5/22/2017 15:22,124.99,21.88,moveis_escritorio,office_furniture,41,1141,1,8683,54,64,31,8577,itaquaquecetuba,SP,88b8b52d46df026a9d1ad2136a59b30b,4,No Title,No Message,5/26/2017 0:00,5/30/2017 22:34,521,1,124.99
18955e83d337fd6b2def6b18a428ac77,290c77bc529b7ac935b93aa66c333dc3,9790,sao bernardo do campo,SP,29150127e6685892b6eab3eec79f59c7,delivered,1/12/2018 20:48,1/12/2018 20:58,1/15/2018 17:14,1/29/2018 12:41,2/6/2018,1,credit_card,8,335.48,1,4aa6014eceb682077f9dc4bffebc05b0,b8bc237ba3788b23da09c0f1f3a3288c,1/18/2018 20:58,289,46.48,utilidades_domesticas,housewares,43,1002,3,10150,89,15,40,88303,itajai,SC,02fc48a9efa3e3d0f1a8ea26507eeec3,5,No Title,No Message,1/30/2018 0:00,2/10/2018 22:43,280,1,289
4e7b3e00288586ebd08712fdd0374a03,060e732b5b29e8181a18229c7b0b2b5e,1151,sao paulo,SP,b2059ed67ce144a36e2aa97d2c9e9ad2,delivered,5/19/2018 16:07,5/20/2018 16:19,6/11/2018 14:31,6/14/2018 17:58,6/13/2018,1,credit_card,7,157.73,1,bd07b66896d6f1494f5b86251848ced7,7c67e1448b00f6e969d365cea6b010ab,6/5/2018 16:19,139.94,17.79,moveis_escritorio,office_furniture,55,955,1,8267,52,52,17,8577,itaquaquecetuba,SP,5ad6695d76ee186dc473c42706984d87,5,No Title,No Message,6/15/2018 0:00,6/15/2018 12:10,153,1,139.94
b2b6027bc5c5109e529d4dc6358b12c3,259dac757896d24d7702b9acbbff3f3c,8775,mogi das cruzes,SP,951670f92359f4fe4a63112aa7306eba,delivered,3/13/2018 16:06,3/13/2018 17:29,3/27/2018 23:22,3/28/2018 16:04,4/10/2018,1,credit_card,1,173.3,1,a5647c44af977b148e0a3a4751a09e2e,7c67e1448b00f6e969d365cea6b010ab,3/27/2018 16:31,149.94,23.36,moveis_escritorio,office_furniture,48,1066,1,12160,56,51,28,8577,itaquaquecetuba,SP,059a801bb31f6aab2266e672cab87bc5,5,No Title,No Message,3/29/2018 0:00,4/2/2018 18:36,220,1,149.94
4f2d8ab171c80ec8364f7c12e35b23ad,345ecd01c38d18a9036ed96c73b8d066,13056,campinas,SP,6b7d50bd145f6fc7f33cebabd7e49d0f,delivered,7/29/2018 9:51,7/29/2018 10:10,7/30/2018 15:16,8/9/2018 20:55,8/15/2018,1,credit_card,8,252.25,1,9391a573abe00141c56e38d84d7d5b3b,4a3ca9315b744ce9f8e9374361493884,7/31/2018 10:10,230,22.25,casa_conforto,home_confort,61,407,1,5200,45,15,35,14940,ibitinga,SP,8490879d58d6c5d7773f2739a03f089a,5,a melhor nota,O baratheon è esxelente Amo adoro o baratheon,8/10/2018 0:00,8/17/2018 1:59,82,1,230
879864dab9bc3047522c92c82e1212b8,4c93744516667ad3b8f1fb645a3116a4,89254,jaragua do sul,SC,5741ea1f91b5fbab2bd2dc653a5b5099,delivered,9/14/2017 18:14,9/14/2017 18:25,9/18/2017 21:27,9/28/2017 17:32,10/4/2017,1,debit_card,1,282.21,1,0be701e03657109a8a4d5168122777fb,8f2ce03f928b567e3d56181ae20ae952,9/20/2017 18:25,259.9,22.31,esporte_lazer,sports_leisure,32,282,2,4450,60,15,15,5141,pirituba,SP,9a6614162d285301aa3ef6de4be75265,5,No Title,Loja responsável,9/29/2017 0:00,10/1/2017 21:52,400,1,259.9
fd826e7cf63160e536e0908c76c3f441,addec96d2e059c80c30fe6871d30d177,4534,sao paulo,SP,36e694cf4cbc2a4803200c35e84abdc4,delivered,2/19/2018 14:38,2/19/2018 14:50,2/20/2018 0:03,2/20/2018 16:25,3/5/2018,1,credit_card,1,22.77,1,b5466db4cecf95c3c1be0ba32538ce1a,9f505651f4a6abe901a56cdc21508025,2/23/2018 14:50,14.99,7.78,informatica_acessorios,computers_accessories,37,322,3,100,16,3,13,4102,sao paulo,SP,bc88d3b86fa8443d42894eb7b5f0d73c,5,No Title,No Message,2/21/2018 0:00,2/26/2018 13:53,242,1,14.99
5e274e7a0c3809e14aba7ad5aae0d407,57b2a98a409812fe9618067b6b8ebe4f,35182,timoteo,MG,1093c8304c7a003280dd34598194913d,delivered,11/16/2017 19:29,11/16/2017 19:55,11/22/2017 16:46,11/27/2017 12:44,12/8/2017,1,credit_card,3,36.01,1,124f74f703e88efe001a10bfa718b6ff,2a7dc43cecabf23403078e2188437d1d,11/22/2017 19:55,19.9,16.11,,,,,,250,15,8,20,4142,sao paulo,SP,2381e1fb0932d9459573a0553dd8a2b5,3,No Title,No Message,11/28/2017 0:00,11/28/2017 17:14,337,1,19.9
5adf08e34b2e993982a47070956c5c65,1175e95fb47ddff9de6b2b06188f7e0d,81560,curitiba,PR,1ebeea841c590e86a14a0d7a48e7d062,delivered,1/18/2018 12:35,1/18/2018 12:56,1/18/2018 23:25,1/26/2018 15:17,2/20/2018,1,debit_card,1,39.1,1,08401f48b67a852d06105725c3013eff,95e03ca3d4146e4011985981aeb959b9,1/30/2018 12:56,25,14.1,brinquedos,toys,58,739,5,350,28,10,12,21210,rio de janeiro,RJ,8566d94f7bf3bedbb4ca6a29725fc382,5,No Title,chegou antes do prometido,1/27/2018 0:00,1/30/2018 19:18,274,1,25
4b7139f34592b3a31687243a302fa75b,9afe194fb833f79e300e37e580171f22,30575,belo horizonte,MG,7433cbcc783205509d66a5260da5b574,delivered,1/8/2018 11:22,1/8/2018 11:35,1/11/2018 1:00,1/13/2018 14:51,2/5/2018,1,credit_card,1,122.47,1,78efe838c04bbc568be034082200ac20,0241d4d5d36f10f80c644447315af0bd,1/12/2018 11:35,99.9,22.57,moveis_decoracao,furniture_decor,57,272,1,2500,40,10,30,80330,curitiba,PR,07f4bedc3ab711f4b3400ceaecdd9f9b,5,No Title,"ótimo, entregou antes da data prevista.",1/14/2018 0:00,1/16/2018 19:29,284,1,99.9
9fb35e4ed6f0a14a4977cd9aea4042bb,2a7745e1ed516b289ed9b29c7d0539a5,39400,montes claros,MG,8428e578bb1cf839ae26a6b7615502b9,delivered,11/27/2017 17:23,11/27/2017 18:01,11/28/2017 23:04,12/8/2017 22:16,12/20/2017,1,credit_card,1,40.4,1,6b874ff4c71d18e91079b40396bf176a,b6e1504972665f739dec4facb9943775,12/1/2017 18:01,25.3,15.1,automotivo,auto,41,1117,8,300,31,17,27,13405,piracicaba,SP,28bbb42c128a4a89860906d48722cede,5,No Title,Td certo.Produto e prazo de entrega.,12/9/2017 0:00,12/10/2017 18:58,326,1,25.3
5aa9e4fdd4dfd20959cad2d772509598,2a46fb94aef5cbeeb850418118cee090,20231,rio de janeiro,RJ,f86c5ed7048ac10eb88ec21c00f71892,delivered,2/7/2018 11:36,2/7/2018 11:55,2/8/2018 17:46,2/26/2018 12:42,3/6/2018,1,credit_card,1,153.13,1,632ba0c3ace598871c24c49380796d57,ec8879960bd2221d5c32f8e12f7da711,2/14/2018 11:55,129.9,23.23,informatica_acessorios,computers_accessories,51,1245,1,2950,18,25,18,13253,itatiba,SP,bd347ad4af032e1458669bc899aefd20,5,No Title,"Pena o produto não ter sido entregue em casa, tive q retirar nos correios.",2/27/2018 0:00,2/27/2018 17:56,254,1,129.9
b2d1536598b73a9abd18e0d75d92f0a3,918dc87cd72cd9f6ed4bd442ed785235,18682,lencois paulista,SP,83d8f70418eefd96f37b483dff430305,delivered,9/9/2017 9:54,9/9/2017 10:10,9/12/2017 12:42,9/20/2017 20:23,10/2/2017,1,credit_card,1,117.31,1,3fc00af0f0a8d4ac2933d3900416c977,7a241947449cc45dbfda4f9d0798d9d0,9/14/2017 10:10,99,18.31,climatizacao,air_conditioning,59,624,5,2000,20,10,20,37590,jacutinga,MG,ba6eba3dfa6aca19793c270c2a349ea0,4,No Title,No Message,9/21/2017 0:00,9/22/2017 1:36,405,1,99
eabebad39a88bb6f5b52376faec28612,295c05e81917928d76245e842748184d,5704,sao paulo,SP,852d2f4d37773bcbc21c8e09a05a4ea5,delivered,3/7/2018 15:57,3/7/2018 16:15,3/12/2018 23:02,3/15/2018 0:46,3/19/2018,1,credit_card,3,36.39,1,33f17ed3c6906f7a7ae17a0843536db4,ea8482cd71df3c1969d7b9473ff13abc,3/13/2018 16:15,27.99,8.4,telefonia,telephony,59,818,6,300,17,4,12,4160,sao paulo,SP,360df94a293698ff75fcd3779bcca3bd,3,No Title,Produto chegou no prazo o problema que veio na frente da capa danificado faltado couro embaixo por sinal falam que couro mas não muito ruim !!! Não recomendo essa loja !!!!,3/16/2018 0:00,3/16/2018 11:12,226,1,27.99
1f1c7bf1c9b041b292af6c1c4470b753,3151a81801c8386361b62277d7fa5ecf,95110,caxias do sul,RS,6c949e670b5d33dc8fb8ad25b6da4860,delivered,4/1/2018 18:59,4/2/2018 17:55,4/3/2018 19:33,4/13/2018 15:11,4/24/2018,1,credit_card,10,102.47,1,31cddbc370031fbb839a21441df28015,b2ac621f0d0322434d04a12b078b9369,4/6/2018 17:55,84,18.47,beleza_saude,health_beauty,45,400,2,433,19,14,15,80220,curitiba,PR,bebcbcbcffc758035c3362142f28178e,5,No Title,No Message,4/14/2018 0:00,4/22/2018 20:32,201,1,84
206f3129c0e4d7d0b9550426023f0a08,21f748a16f4e1688a9014eb3ee6fa325,13412,piracicaba,SP,eac76692452422620996fe5e1a7f8bb0,delivered,1/29/2018 20:32,1/29/2018 21:13,2/3/2018 0:09,2/8/2018 17:03,2/22/2018,1,credit_card,3,169.23,1,98a8c2fa16d7239c606640f5555768e4,001cca7ae9ae17fb1caed9dfb1094831,2/2/2018 21:13,129,40.23,ferramentas_jardim,garden_tools,39,500,1,8325,43,14,33,29156,cariacica,ES,a26dba51ffa3f179bec8862931fafadc,5,No Title,"Ameiiii !!! excelente produto...excelente qualidade, entregue muito bom antes do prazo, obrigada",2/9/2018 0:00,2/10/2018 2:38,263,1,129
a7c125a0a07b75146167b7f04a7f8e98,5c2991dbd08bbf3cf410713c4de5a0b5,22750,rio de janeiro,RJ,72bab69c50432c6f94d8b50a5f84b69a,delivered,8/13/2018 23:45,8/13/2018 23:55,8/15/2018 12:11,8/17/2018 20:03,8/30/2018,1,credit_card,2,136.93,1,811ea06b526cf16fd375cbabb9b8a99f,f27e33c6d29b5138fa9967bcd445b6d5,8/19/2018 23:55,119.9,17.03,automotivo,auto,58,1646,5,1200,16,9,31,4273,sao paulo,SP,9aa20d5f7f7abeece2bf8ca9aff54c10,5,Recomendo,Produto chegou antes da data prevista.,8/18/2018 0:00,9/1/2018 3:09,67,1,119.9
c5c61596a3b6bd0cee5766992c48a9a1,b6e99561fe6f34a55b0b7da92f8ed775,7124,guarulhos,SP,ec28553b12bef4b538e5d7454464a1c6,delivered,6/18/2018 13:34,6/18/2018 13:55,6/19/2018 15:07,6/21/2018 20:15,7/3/2018,1,credit_card,1,16.53,1,e64e4ef7b809314306d9c09635d8cd30,e9779976487b77c6d4ac45f75ec7afe9,6/22/2018 13:55,7.09,9.44,pet_shop,pet_shop,59,1453,1,600,20,20,20,11701,praia grande,SP,f566303c64a4d7d2dc7d18e04b38223a,5,No Title,No Message,6/22/2018 0:00,6/24/2018 0:42,123,1,7.09
9b8ce803689b3562defaad4613ef426f,7f3a72e8f988c6e735ba118d54f47458,5416,sao paulo,SP,17825f24877a9289214c301ae0c9424b,delivered,5/11/2017 13:48,5/13/2017 11:55,5/15/2017 15:30,6/7/2017 12:02,5/30/2017,2,voucher,1,34.05,1,99a4788cb24856965c36a24e339b6058,4a3ca9315b744ce9f8e9374361493884,5/19/2017 11:55,89.9,12.13,cama_mesa_banho,bed_bath_table,54,245,1,1383,50,10,40,14940,ibitinga,SP,,,,,,,526,2,179.8
9b8ce803689b3562defaad4613ef426f,7f3a72e8f988c6e735ba118d54f47458,5416,sao paulo,SP,17825f24877a9289214c301ae0c9424b,delivered,5/11/2017 13:48,5/13/2017 11:55,5/15/2017 15:30,6/7/2017 12:02,5/30/2017,1,credit_card,1,67.98,1,99a4788cb24856965c36a24e339b6058,4a3ca9315b744ce9f8e9374361493884,5/19/2017 11:55,89.9,12.13,cama_mesa_banho,bed_bath_table,54,245,1,1383,50,10,40,14940,ibitinga,SP,,,,,,,526,2,179.8
49d0ea0986edde72da777f15456a0ee0,3e6fd6b2f0d499456a6a6820a40f2d79,68485,pacaja,PA,ab797176e01c2fa3d13aa1fe3e63d9ee,delivered,11/1/2017 21:54,11/1/2017 22:06,11/6/2017 15:43,12/2/2017 1:09,12/12/2017,1,credit_card,5,54.62,1,a0cb23ea9b98f51407ac7bd1fcd29c2e,7d76b645482be4a332374e8223836592,11/7/2017 22:06,28.99,25.63,telefonia,telephony,31,1440,1,100,18,6,11,1511,sao paulo,SP,35e56eec9ae4f8514d7338574153f570,4,No Title,No Message,12/3/2017 0:00,12/3/2017 13:18,352,1,28.99
154c4ded6991bdfa3cd249d11abf4130,e607ede0e63436308660236f5a52da5e,88034,florianopolis,SC,830d8b3e6875ef6165ffc33219ab4fea,delivered,8/13/2017 10:03,8/13/2017 10:24,8/14/2017 18:43,8/19/2017 12:37,9/20/2017,1,credit_card,1,123,1,130482add9fd75ccb6c57ba007694a2d,87142160b41353c4e5fca2360caf6f92,8/18/2017 10:24,105,18,informatica_acessorios,computers_accessories,55,60,1,2800,40,15,40,90230,porto alegre,RS,dacd8ac1f6f396c009cf383f053ca550,5,No Title,No Message,8/20/2017 0:00,8/20/2017 19:39,432,1,105
690172ab319622688d3b4df42f676898,a96d5cfa0d3181817e2b946f921ea021,74914,aparecida de goiania,GO,aaff8afa47c8426e414a6d908a97713c,delivered,10/15/2017 11:08,10/15/2017 11:25,10/16/2017 21:36,10/25/2017 22:30,11/6/2017,1,credit_card,2,232.71,1,368c6c730842d78016ad823897a372db,1f50f920176fa81dab994f9023523100,10/19/2017 11:25,59.9,17.67,ferramentas_jardim,garden_tools,57,366,2,1650,30,22,30,15025,sao jose do rio preto,SP,7ed1089c451484fd5e7ee0a4036af90d,1,No Title,Bom dia eu fiz uma compra de 03 peças só mim entregarou só 01 a caixa não estava violada,10/26/2017 0:00,10/27/2017 9:19,369,3,179.7
690172ab319622688d3b4df42f676898,a96d5cfa0d3181817e2b946f921ea021,74914,aparecida de goiania,GO,aaff8afa47c8426e414a6d908a97713c,delivered,10/15/2017 11:08,10/15/2017 11:25,10/16/2017 21:36,10/25/2017 22:30,11/6/2017,1,credit_card,2,232.71,2,368c6c730842d78016ad823897a372db,1f50f920176fa81dab994f9023523100,10/19/2017 11:25,59.9,17.67,ferramentas_jardim,garden_tools,57,366,2,1650,30,22,30,15025,sao jose do rio preto,SP,7ed1089c451484fd5e7ee0a4036af90d,1,No Title,Bom dia eu fiz uma compra de 03 peças só mim entregarou só 01 a caixa não estava violada,10/26/2017 0:00,10/27/2017 9:19,369,3,179.7
690172ab319622688d3b4df42f676898,a96d5cfa0d3181817e2b946f921ea021,74914,aparecida de goiania,GO,aaff8afa47c8426e414a6d908a97713c,delivered,10/15/2017 11:08,10/15/2017 11:25,10/16/2017 21:36,10/25/2017 22:30,11/6/2017,1,credit_card,2,232.71,3,368c6c730842d78016ad823897a372db,1f50f920176fa81dab994f9023523100,10/19/2017 11:25,59.9,17.67,ferramentas_jardim,garden_tools,57,366,2,1650,30,22,30,15025,sao jose do rio preto,SP,7ed1089c451484fd5e7ee0a4036af90d,1,No Title,Bom dia eu fiz uma compra de 03 peças só mim entregarou só 01 a caixa não estava violada,10/26/2017 0:00,10/27/2017 9:19,369,3,179.7
2938121a40a20953c43caa8c98787fcb,482441ea6a06b1f72fe9784756c0ea75,5713,sao paulo,SP,0198c71148c2e08c7c52b860f640fa4e,delivered,5/8/2018 6:34,5/9/2018 4:31,5/10/2018 18:12,5/18/2018 18:49,5/29/2018,1,boleto,1,163.13,1,138d7037b59dcee052810952c983033b,218d46b86c1881d022bce9c68a7d4b15,5/15/2018 4:31,148,15.13,esporte_lazer,sports_leisure,50,621,1,1400,21,16,16,14070,ribeirao preto,SP,29ffa85f348c533c6cf355cb9ae8bac5,4,No Title,No Message,5/19/2018 0:00,5/20/2018 15:29,164,1,148
237098a64674ae89babdc426746260fc,4390ddbb6276a66ff1736a6710205dca,82820,curitiba,PR,eac4ffbe456464bdc3ce5f001b6439c5,delivered,4/14/2017 11:24,4/14/2017 11:35,4/17/2017 10:43,4/20/2017 17:04,5/10/2017,1,credit_card,1,94.63,1,a298a105818dce6878b787e4af6cff7d,e26901d5ab434ce92fd9b5c256820a4e,4/20/2017 11:35,79.9,14.73,bebes,baby,55,1158,2,400,30,10,30,9350,maua,SP,aa4cf51748aecece51748f5d1dd9fad7,5,No Title,Excelente. Recomendo.,4/21/2017 0:00,4/22/2017 1:35,553,1,79.9
cb721d7b4f271fd87011c4c83462c076,a5844ba4bfc8d0cc61d13027c7e63bcc,8225,sao paulo,SP,6cdc131d3c28253cd03cd0fbc3d5f938,delivered,5/16/2018 13:04,5/16/2018 13:19,5/17/2018 15:06,5/24/2018 15:16,6/5/2018,1,credit_card,2,80.11,1,777d2e438a1b645f3aec9bd57e92672c,4a3ca9315b744ce9f8e9374361493884,5/22/2018 13:19,69.9,10.21,cama_mesa_banho,bed_bath_table,58,689,1,950,45,15,35,14940,ibitinga,SP,9885b0401c83213ba1e7e1ba2d782568,4,No Title,No Message,5/25/2018 0:00,5/27/2018 19:06,156,1,69.9
f681356046d9fde60e70c73a18d65ea2,5f102dd37243f152aec3607970aad100,9121,santo andre,SP,daf946e879dab6e7e6b3f968297c3fe3,delivered,2/9/2018 13:46,2/9/2018 14:08,2/14/2018 23:35,2/15/2018 22:41,2/23/2018,1,credit_card,5,56.78,1,d2d39433df84064b1556612cc52cefca,6560211a19b47992c3666cc44a7e94c0,2/15/2018 14:08,49,7.78,relogios_presentes,watches_gifts,54,199,5,250,16,2,20,5849,sao paulo,SP,cbc912e5918e710e5f5cf60f83f16b66,5,No Title,No Message,2/17/2018 0:00,2/18/2018 0:31,252,1,49
167bd30a409e3e4127df5a9408ebd394,9c0096673baf55453a50073f12d1a37f,74310,goiania,GO,d10eafa208521dc30796e6a26099b6a6,delivered,7/14/2018 10:53,7/14/2018 11:05,7/17/2018 17:32,7/25/2018 16:28,8/8/2018,1,credit_card,1,62.39,1,9a469eaf45dfbc43d39ba1977a3c07af,d2374cbcbb3ca4ab1086534108cc3ab7,7/23/2018 11:05,42.9,19.49,cama_mesa_banho,bed_bath_table,44,192,1,700,40,4,30,14940,ibitinga,SP,9e62432358841c9b5857d463ba3a62a7,5,Produto muito bom,Otimo qualidade ,7/26/2018 0:00,7/26/2018 20:09,97,1,42.9
6e359a57a91f84095cc64e1b351aef8c,2e6a42a9b5cbb0da62988694f18ee295,4571,sao paulo,SP,a8f5a2b22f55e0af45b300929d1fdc7d,delivered,5/15/2017 17:58,5/15/2017 18:10,5/16/2017 15:41,5/19/2017 11:10,6/6/2017,1,credit_card,1,47.59,1,11b062c710beb867b4897ff2728e828d,ae8bfdbf1c2a2a2dee92d799db0a31c6,5/19/2017 18:10,29.99,17.6,moveis_cozinha_area_de_servico_jantar_e_jardim,kitchen_dining_laundry_garden_furniture,50,445,1,1000,34,25,25,85900,toledo,PR,12721008b38d28a50aae3150f348af4c,3,No Title,No Message,5/20/2017 0:00,5/22/2017 13:01,522,1,29.99
e0eea8f69a457b3f1fa246e44c9ebefd,4d221875624017bc47b4d1ce7314a5b7,29311,cachoeiro de itapemirim,ES,3a6d41a4fe7a8e841b7c8e4b77d4e301,delivered,11/24/2017 11:29,11/24/2017 13:33,11/27/2017 21:12,12/6/2017 22:37,12/18/2017,1,credit_card,6,69.12,1,ee0c1cf2fbeae95205b4aa506f1469f0,cc419e0650a3c5ba77189a1882b7556a,12/1/2017 13:31,53.99,15.13,perfumaria,perfumery,44,334,1,200,16,16,13,9015,santo andre,SP,b3f4af6edd7bf95b9acdb79729d3b005,2,No Title,No Message,12/7/2017 0:00,12/12/2017 15:09,329,1,53.99
e3109970a3fe8021d5ff82c577ce5606,a8654e2af5da6bb72f52c22b164855e1,5528,sao paulo,SP,0330631bdb2ec8c341f487ed9c22fc8b,delivered,5/25/2018 12:02,5/26/2018 2:31,5/29/2018 15:41,6/7/2018 22:42,6/26/2018,1,boleto,1,58.69,1,f89caa3ea4fb5f7b6e7fb2bb4ba61881,d2374cbcbb3ca4ab1086534108cc3ab7,6/4/2018 2:31,45.9,12.79,cama_mesa_banho,bed_bath_table,43,187,1,750,40,4,30,14940,ibitinga,SP,bf40d97f6003b62f493bff381ee68b6d,5,No Title,No Message,6/8/2018 0:00,6/9/2018 2:57,147,1,45.9
261cb4f92498ca05d5bd1a327a261d9c,424aca6872c5bab80780a8dec03b7516,12235,sao jose dos campos,SP,2904d3ae0064e840ffb4798ba4a12ae3,delivered,9/12/2017 8:00,9/14/2017 2:50,9/19/2017 19:27,9/25/2017 21:22,10/5/2017,1,boleto,1,73.34,1,422879e10f46682990de24d770e7f83d,1f50f920176fa81dab994f9023523100,9/20/2017 2:50,59.9,13.44,ferramentas_jardim,garden_tools,56,348,2,1550,30,22,30,15025,sao jose do rio preto,SP,e8d29e95ba41788dcd615181100b36fd,4,No Title,No Message,9/26/2017 0:00,9/30/2017 1:42,402,1,59.9
6f92779347724b67e44e3224f3b4cffd,bf4862777db128507e9efcc789215e9b,18130,sao roque,SP,f3b96845efd71daecf6b331fb3a9f537,delivered,11/26/2017 20:59,11/27/2017 9:16,11/30/2017 16:38,12/9/2017 11:56,12/18/2017,1,boleto,1,62.44,1,389d119b48cf3043d311335e499d9c6b,1f50f920176fa81dab994f9023523100,12/1/2017 9:16,49,13.44,ferramentas_jardim,garden_tools,59,341,2,1750,37,22,40,15025,sao jose do rio preto,SP,1f715bc87c4b6e213ca4c21d11d2cf4a,5,No Title,Eu recomendo..,12/10/2017 0:00,12/10/2017 16:12,327,1,49
2d5831cb2dff7cdefba62e950ae3dc7b,e9dd12dca17352644a959d9dea133935,42800,camacari,BA,19c0c76962278b152cc44fc63ffd5e48,delivered,4/18/2018 9:42,4/18/2018 9:55,4/20/2018 18:52,5/17/2018 20:19,5/18/2018,1,credit_card,1,67.05,1,491c6b0ec61399a890b22a6ed2d9a4b0,b499c00f28f4b7069ff6550af8c1348a,4/24/2018 9:55,44.99,22.06,moveis_decoracao,furniture_decor,40,94,4,500,16,5,20,13481,limeira,SP,0307c5f3383e86af1f5a784fc1eb33a9,5,Muito boa qualidade,No Message,5/18/2018 0:00,5/20/2018 7:46,184,1,44.99
b2bed119388167a954382cca36c4777f,e079b18794454de9d2be5c12b4392294,27525,resende,RJ,77b062be7c5bd21712905feb8e1cfeed,delivered,6/14/2017 18:31,6/15/2017 18:43,6/22/2017 8:11,7/7/2017 20:32,7/7/2017,1,credit_card,8,134.25,1,6421588f55f75de28cb3357e07723d14,1900267e848ceeba8fa32d80c1a5f5a8,6/21/2017 18:43,56.99,16.13,cama_mesa_banho,bed_bath_table,59,641,3,1050,16,10,16,14940,ibitinga,SP,e8ef5d522e155003ba1ff654bdd3d88f,5,No Title,No Message,7/8/2017 0:00,7/9/2017 3:16,492,2,101.98
b2bed119388167a954382cca36c4777f,e079b18794454de9d2be5c12b4392294,27525,resende,RJ,77b062be7c5bd21712905feb8e1cfeed,delivered,6/14/2017 18:31,6/15/2017 18:43,6/22/2017 8:11,7/7/2017 20:32,7/7/2017,1,credit_card,8,134.25,2,17606c7d7254ed1f0351fd48a28be932,1900267e848ceeba8fa32d80c1a5f5a8,6/21/2017 18:43,44.99,16.14,cama_mesa_banho,bed_bath_table,53,640,2,1100,16,10,16,14940,ibitinga,SP,e8ef5d522e155003ba1ff654bdd3d88f,5,No Title,No Message,7/8/2017 0:00,7/9/2017 3:16,492,2,101.98
469634941c27cd844170935a3cf60b95,ef07ba9aa5226f77264ffa5762b2280b,81750,curitiba,PR,a9119eb77d6200811953803a7b6539e1,delivered,3/12/2018 13:07,3/12/2018 13:15,3/13/2018 22:12,3/22/2018 18:28,3/29/2018,2,voucher,1,44.92,1,aa280035c50ba62c746480a59045eec4,fa40cc5b934574b62717c68f3d678b6d,3/16/2018 13:15,30.5,15.23,brinquedos,toys,56,678,3,200,16,8,11,2310,sao paulo,SP,cd061bfa6e03dfb627117779e74ad9ad,5,No Title,No Message,3/23/2018 0:00,3/26/2018 16:23,221,2,61
469634941c27cd844170935a3cf60b95,ef07ba9aa5226f77264ffa5762b2280b,81750,curitiba,PR,a9119eb77d6200811953803a7b6539e1,delivered,3/12/2018 13:07,3/12/2018 13:15,3/13/2018 22:12,3/22/2018 18:28,3/29/2018,1,credit_card,1,0.81,1,aa280035c50ba62c746480a59045eec4,fa40cc5b934574b62717c68f3d678b6d,3/16/2018 13:15,30.5,15.23,brinquedos,toys,56,678,3,200,16,8,11,2310,sao paulo,SP,cd061bfa6e03dfb627117779e74ad9ad,5,No Title,No Message,3/23/2018 0:00,3/26/2018 16:23,221,2,61
df0aa5b8586495e0ddf6b601122e43a1,85d234692f7bee8d6fea586e237334b6,13175,sumare,SP,72bd19ef4fa285334b95bda01a3718c7,delivered,5/9/2018 13:01,5/9/2018 13:11,5/11/2018 14:03,5/16/2018 16:58,5/25/2018,1,credit_card,6,62.06,1,a8e69cb7ca2c04d5ba7f73b2385f2a76,e8a85b5f3df47be0984c55fd4064dbb4,5/15/2018 13:11,45,17.06,esporte_lazer,sports_leisure,53,2422,2,107,18,9,14,71825,brasilia,DF,1a959ea1d3c1e6875548e2e1518614f6,5,No Title,No Message,5/17/2018 0:00,5/21/2018 23:08,163,1,45
41c8f4b570869791379a925899a6af8a,fe3634ccefbcdb0537b45fd589e32e8e,7170,guarulhos,SP,4ca8a781d1f4b13e966bf35cdc333f56,delivered,10/13/2017 10:04,10/14/2017 3:46,10/20/2017 18:57,10/25/2017 20:52,11/6/2017,1,boleto,1,103.55,1,af0a917aec9cea3b353ece61a8825326,da8622b14eb17ae2831f4ac5b9dab84a,10/24/2017 4:46,89.9,13.65,cama_mesa_banho,bed_bath_table,58,188,1,1200,44,2,35,13405,piracicaba,SP,1df31ad0756f0b82f451691c03e11c05,4,No Title,"O jogo é aparentemente é bom.. só tive q fazer os arremates,(muita linha solta) mas as costuras parecem ser resistentes.... ",10/26/2017 0:00,10/26/2017 14:30,371,1,89.9
54f755c3fd2709231f9964a1430c5218,40febde16f4718a5def537786473b0be,93415,novo hamburgo,RS,d4668cd8ef48b78df597195703c95da2,delivered,8/10/2017 13:01,8/10/2017 13:23,8/14/2017 19:44,8/21/2017 13:42,9/1/2017,1,credit_card,2,60,1,48633254f8b7b802b1ca8c4f4dcf3e33,8c16d1f32a54d92897cc437244442e1b,8/16/2017 13:23,44.9,15.1,artes,art,53,638,10,200,25,5,33,89023,blumenau,SC,558c53b30b66c5c3569c2d5b2e449b5d,5,No Title,Produto de qualidade.,8/22/2017 0:00,8/23/2017 0:17,435,1,44.9
4c06b42fbf7b97ab10779cda5549cd1c,07d190f123147d9e89d4b922543d7948,65075,sao luis,MA,997fd4b37386d10b57d4ac8cdec011a6,delivered,7/8/2018 9:59,7/8/2018 10:30,7/25/2018 15:12,8/8/2018 19:42,8/16/2018,1,credit_card,6,315.75,1,8ed094bfe076c568f6bb10feada3f75d,7c67e1448b00f6e969d365cea6b010ab,7/26/2018 10:30,199.98,115.77,moveis_escritorio,office_furniture,43,1128,1,16133,63,59,25,8577,itaquaquecetuba,SP,2518803238cabbf63564593e4a8fc52d,1,Nada de produto,"Ainda não recebi o produto. Sendo assim, não posso opinar sobre ele. Quanto a loja, deixa a desejar quanto aos prazos.",8/9/2018 0:00,8/14/2018 11:40,103,1,199.98
b6368ca0f56d4632f44d58ca431487b2,dd992305cba295d997f263dbdf4e8c2e,88104,sao jose,SC,47cb08d5bac6105ae32587814fca96ca,delivered,2/11/2018 14:07,2/11/2018 14:48,2/14/2018 18:38,2/27/2018 20:46,3/8/2018,1,credit_card,1,49.09,1,f75b94ae22e65bec6b67d9652ef8387c,9f505651f4a6abe901a56cdc21508025,2/15/2018 14:32,34.99,14.1,informatica_acessorios,computers_accessories,50,872,1,650,16,29,22,4102,sao paulo,SP,e0ef8140d0e0aa1a3d8463d917aba841,5,No Title,"Produto de ótima qualidade , lindíssimo , bem fácil de instalar .",2/28/2018 0:00,3/1/2018 7:32,250,1,34.99
4a0e66fd30684aa1409cd1b66fec77cc,86085586aaa8c5f47ed0b400da64c59d,7176,guarulhos,SP,42cebac003b40e6aa0b3e37b99d83c2f,delivered,7/6/2018 14:29,7/10/2018 4:05,7/10/2018 15:06,7/11/2018 17:35,7/19/2018,1,boleto,1,85.81,1,a92930c327948861c015c919a0bcb4a8,6560211a19b47992c3666cc44a7e94c0,7/12/2018 4:05,78,7.81,relogios_presentes,watches_gifts,59,319,4,250,16,2,20,5849,sao paulo,SP,3d467c4cd71a1c9d49f81cd83bd3a87f,5,No Title,Excelente.,7/14/2018 0:00,7/14/2018 16:40,105,1,78
c168abb9077b7821adae01dc1f0886c5,5ad58a4e6a1a656b6bed070cadbaa003,35960,santa barbara,MG,1bae3477022e0394ab9af1d25a242fd0,delivered,12/18/2017 8:52,12/18/2017 9:11,12/20/2017 12:59,12/30/2017 10:53,1/18/2018,1,credit_card,4,96.8,1,fb55982be901439613a95940feefd9ee,3d871de0142ce09b7081e2b9d1733cb1,12/22/2017 9:11,79,17.8,papelaria,stationery,52,211,2,7000,60,20,30,13232,campo limpo paulista,SP,81dc9dac42fdceb9076b6de95dccf58f,5,No Title,"Tudo perfeito, atendimento, produto e entrega bem antes da data prevista. ",12/31/2017 0:00,1/2/2018 16:01,305,1,79
a3b0fda37bae14cf754877bed475e80c,c9158d089637ab443c78984d20da7fc0,5727,sao paulo,SP,2dd604f5ec1bd2f58c14e9908c7df826,delivered,1/31/2018 16:43,2/1/2018 11:35,2/6/2018 15:35,2/10/2018 16:12,2/22/2018,1,voucher,1,78.7,1,6e02baf23db1455640241542c78be139,cca3071e3e9bb7d12640c9fbe2301306,2/7/2018 11:35,65.9,12.8,fashion_roupa_feminina,fashio_female_clothing,58,341,1,900,25,5,17,14940,ibitinga,SP,943a97cf91be1385859cfb55b77428b4,5,No Title,Muito boas. Obrigado. ,2/11/2018 0:00,2/11/2018 20:12,261,1,65.9
0ccd415657ae8a6cd1c71b00155a019e,66cc90195ca44cc7ac6a1cd0e1e1e7b2,7053,guarulhos,SP,a74869096437cef33d04006e8480e0db,delivered,10/9/2017 21:01,10/9/2017 21:14,10/11/2017 17:17,10/14/2017 12:03,10/20/2017,1,credit_card,1,30.4,1,8b6ed41158b194711f83b8da92757544,e9779976487b77c6d4ac45f75ec7afe9,10/16/2017 22:14,16.48,13.92,esporte_lazer,sports_leisure,52,490,2,1182,21,16,17,11701,praia grande,SP,aca62177d12e7d28814c52356890c65d,5,No Title,No Message,10/15/2017 1:00,10/16/2017 3:10,375,1,16.48
c532a74a3ebf1bacce2e2bcce3783317,91ec50a00ae74d0a229d2efdf4344e1e,14026,ribeirao preto,SP,04a92860751dfe7ae41f71e1228ffd18,delivered,5/14/2018 13:30,5/14/2018 13:56,5/24/2018 14:26,6/4/2018 20:48,6/12/2018,1,credit_card,4,218.49,1,5ed39c3cfec7336d6b641fd71befc491,cee48807215b30a12ca2ca10ffb5f250,5/29/2018 13:56,199.9,18.59,automotivo,auto,58,901,1,2550,35,20,20,11431,guaruja,SP,a970d13e04c86c973e689b907dd155fb,5,No Title,No Message,6/5/2018 0:00,6/6/2018 20:14,158,1,199.9
19cecb194f54e614b70d971306a9931b,d251c190ca75786e9ab937982d60d1d4,30320,belo horizonte,MG,14282bc70be9bdda515182fb1ce62af4,delivered,4/18/2018 14:18,4/19/2018 2:52,4/20/2018 0:47,4/26/2018 16:26,5/11/2018,1,boleto,1,50.92,1,b05e00841a6dad404ef34ae67807879a,aac29b1b99776be73c3049939652091d,4/25/2018 2:51,11.99,13.47,moveis_decoracao,furniture_decor,37,719,6,200,16,2,11,38408,uberlandia,MG,19af0595fd70818384dafe29191748d7,2,bom,"muito corretos, mas a minha escilha pelo produto foi errada",4/27/2018 0:00,4/27/2018 20:35,184,2,23.98
19cecb194f54e614b70d971306a9931b,d251c190ca75786e9ab937982d60d1d4,30320,belo horizonte,MG,14282bc70be9bdda515182fb1ce62af4,delivered,4/18/2018 14:18,4/19/2018 2:52,4/20/2018 0:47,4/26/2018 16:26,5/11/2018,1,boleto,1,50.92,2,b05e00841a6dad404ef34ae67807879a,aac29b1b99776be73c3049939652091d,4/25/2018 2:51,11.99,13.47,moveis_decoracao,furniture_decor,37,719,6,200,16,2,11,38408,uberlandia,MG,19af0595fd70818384dafe29191748d7,2,bom,"muito corretos, mas a minha escilha pelo produto foi errada",4/27/2018 0:00,4/27/2018 20:35,184,2,23.98
f34a6e874087ec1f0e3dab9fdf659c5d,233896de79986082f1f479f1f85281cb,38300,ituiutaba,MG,6e98de3a85c84ead6689189b825d35b5,canceled,3/15/2018 10:07,3/15/2018 10:29,,,4/9/2018,1,credit_card,1,73.16,,,,,,,,,,,,,,,,,,,e76cda681b681b65fffa28dfc0030641,1,No Title,Muita demora pra entregar e acima de tudo nao tem nehuma informacao se o produto saiu pra entrega ou ate mesmo qual é a situação q o produto está!! E Vale lembrar que o pagamento já foi efetuado!,4/11/2018 0:00,4/11/2018 13:17,218,1,0
c132855c926907970dcf6f2bf0b33a24,a8ae36a2bb6c2bbc3b5d62ede131c9ef,18740,taquarituba,SP,b5172d4a722c0ebb34c29bbbb7a3cb42,invoiced,4/17/2018 13:14,4/18/2018 5:31,,,5/24/2018,1,boleto,1,143.25,1,76d58c2f53f7d340cb9fe2d8514e38ae,3092c0b297aacfb4bb6e056ebe13b9b8,5/9/2018 5:31,129.9,13.35,consoles_games,consoles_games,56,586,2,300,25,11,18,7402,aruja,SP,f588cda1416895d04f9960ba794df07b,1,No Title,"Comprei o produto fiz o pagamento na semana que estava pra chegar recebi um e-mail que meu produto não seria entregue, pois não tinha em estoque.
Quero o reembolso.
",5/27/2018 0:00,5/28/2018 11:14,185,1,129.9
df85b96ba2ce3e49bde101b1614f52ac,8d46223c91cbeb93e0930ca8bd8ffca2,83085,sao jose dos pinhais,PR,d13130a0433949ba242b2f0632fd49a2,delivered,11/26/2017 11:43,11/26/2017 11:55,11/28/2017 15:11,12/7/2017 23:17,12/20/2017,1,credit_card,1,171.32,1,48f866f20b5b6015a324210988e73387,4a3ca9315b744ce9f8e9374361493884,11/30/2017 11:55,153,18.32,cama_mesa_banho,bed_bath_table,52,251,1,1850,45,15,35,14940,ibitinga,SP,bb7045e0f34435475e86d75329589aa7,5,No Title,No Message,12/8/2017 0:00,12/11/2017 2:10,327,1,153
4d27341acd30a36bca39008ee9bb9050,e021e698833bdeb89dfef3acb2e91f37,89254,jaragua do sul,SC,38e2829123a2bd1cbe111564824d0abb,delivered,1/26/2017 11:14,1/26/2017 11:25,1/27/2017 12:19,2/9/2017 12:15,2/22/2017,1,credit_card,4,239.64,1,5bfcd193eb29c1c8332e2d4ca804d54f,522620dcb18a6b31cd7bdf73665113a9,1/30/2017 11:14,223.9,15.74,consoles_games,consoles_games,52,1236,1,340,17,7,16,85801,cascavel,PR,9cae90990e603e0c76153b5abf344958,5,No Title,"Cara, sem palavras esse serviço, me prometeram o produto em um dia e chegou duas semanas antes",2/10/2017 0:00,2/11/2017 2:42,631,1,223.9
d3b6830d18c7de943d1e707d1f061d40,27cf4b153010911a0957150255a6c6db,5351,sao paulo,SP,6b1fc7db81c9636bc79ef40baf9e8b29,delivered,4/14/2018 18:29,4/14/2018 18:52,4/17/2018 21:32,4/18/2018 21:41,5/3/2018,1,credit_card,6,465.4,1,64f1126c9715d5394b7301934c6833f0,f35b3c613c4f7b2275f4185d0a3c59ec,4/19/2018 18:52,440,25.4,esporte_lazer,sports_leisure,41,1819,7,9900,30,60,40,5417,sao paulo,SP,6882e677f1485c3922bd54d4556199cf,5,No Title,"entrega mais rápida que o normal, produto em perfeitas condiçoes!",4/19/2018 0:00,4/22/2018 18:00,188,1,440
79de53946db384e2d7a9bd131792ad17,7ce5b57a120a2da6a804afa58ffcbfb5,39406,montes claros,MG,b95cae4001dc3efdaa739478cf9c92e4,delivered,5/22/2018 1:43,5/23/2018 2:38,5/25/2018 13:47,6/3/2018 14:53,6/11/2018,1,boleto,1,226.72,1,d011223de539cd224b5c5c8082313d46,1025f0e2d44d7041d6cf58b6550e0bfa,5/28/2018 2:38,196.8,29.92,moveis_decoracao,furniture_decor,50,676,2,2125,28,27,33,3204,sao paulo,SP,3c58af2d366f0c4aeee1d4273b12d9f4,2,No Title,O lustre veio sem as lâmpadas ,6/4/2018 0:00,6/4/2018 20:21,150,1,196.8
a562ab1e728449e3461829dfe2e36f73,d33eeadf54cb883e79be640f38c32cdc,14860,barrinha,SP,f13b9cfd03f5555ece664b0bec8d2bf8,delivered,1/29/2018 21:53,1/31/2018 13:32,2/1/2018 0:34,2/8/2018 19:49,2/26/2018,1,boleto,1,186.27,1,3dd2a17168ec895c781a9191c1e95ad7,de722cd6dad950a92b7d4f82673f8833,2/6/2018 2:56,149.9,36.37,informatica_acessorios,computers_accessories,48,894,1,533,22,11,20,51250,recife,PE,6b3da2b72524be819fea9c0183245478,4,No Title,entrega rapida,2/9/2018 0:00,2/25/2018 1:18,263,1,149.9
b64ed91eab98972150bdaf77ca921934,3da7750bf3c1dbd724624a60a9f5942b,21310,rio de janeiro,RJ,d5691ee416fbe1f2d1b061319de61570,delivered,5/11/2018 6:47,5/11/2018 10:17,5/12/2018 8:55,5/15/2018 16:44,6/14/2018,1,debit_card,1,72.26,1,9ea1152d6d52dc57ab2ea49aa626adc1,e9779976487b77c6d4ac45f75ec7afe9,5/18/2018 10:17,54,18.26,beleza_saude,health_beauty,49,3037,1,1067,22,19,19,11701,praia grande,SP,667e4f9aecaf1dcff18c1cd4d85bda22,5,No Title,No Message,5/16/2018 0:00,5/17/2018 21:35,161,1,54
8247b5583327ab8be19f96e1fb82f77b,d85547cd859833520b311b4458a14c1c,23970,parati,RJ,a6917b5d71e0e9bc434e9228db8daeb2,delivered,6/9/2017 15:46,6/10/2017 15:42,6/12/2017 17:10,6/19/2017 19:32,7/4/2017,2,voucher,1,499.72,1,28c95d7653177449fd4b6fc7adb63ce9,7e93a43ef30c4f03f38b393420bc753a,6/15/2017 15:42,788.42,21.28,relogios_presentes,watches_gifts,37,438,1,450,18,11,14,6429,barueri,SP,e4d4b6477ff4777b725e5d5682fa785d,1,No Title,Me mandaram um o relógio que não funciona.. Vou acionar a justiça de novo.. ,6/22/2017 0:00,6/23/2017 0:32,497,2,1576.84
8247b5583327ab8be19f96e1fb82f77b,d85547cd859833520b311b4458a14c1c,23970,parati,RJ,a6917b5d71e0e9bc434e9228db8daeb2,delivered,6/9/2017 15:46,6/10/2017 15:42,6/12/2017 17:10,6/19/2017 19:32,7/4/2017,1,voucher,1,309.98,1,28c95d7653177449fd4b6fc7adb63ce9,7e93a43ef30c4f03f38b393420bc753a,6/15/2017 15:42,788.42,21.28,relogios_presentes,watches_gifts,37,438,1,450,18,11,14,6429,barueri,SP,e4d4b6477ff4777b725e5d5682fa785d,1,No Title,Me mandaram um o relógio que não funciona.. Vou acionar a justiça de novo.. ,6/22/2017 0:00,6/23/2017 0:32,497,2,1576.84
8fcaa9368903f3a9a28aeaff28c14638,3af0b2f7654f613ff1527b997a2ac57e,79804,dourados,MS,1a463c49e93ce429845e1d959122285d,delivered,2/3/2018 8:14,2/3/2018 8:30,2/5/2018 18:49,2/21/2018 21:22,3/5/2018,1,credit_card,3,36.69,1,71a5f1c2a5fd9889ef26b5ac22aec9c6,537eb890efff034a88679788b647c564,2/8/2018 8:30,19.9,16.79,moveis_decoracao,furniture_decor,60,500,3,100,16,3,11,20270,rio de janeiro,RJ,2e7302ea1c959bf4c705fb98f40d23e2,5,No Title,No Message,2/22/2018 0:00,2/23/2018 1:05,258,1,19.9
a9b0d1c26105279e1b8edc63d06bd668,3d49f4455a3947c8dd7e972b3ad8cb76,5017,sao paulo,SP,c6ab8a5c6fbd3bf57e9ad8407d950cc6,delivered,1/29/2018 11:04,1/29/2018 11:21,1/29/2018 22:37,1/30/2018 20:37,2/14/2018,1,credit_card,2,157.12,1,e9b2560544c293e02f2b966041e10f24,8e2b3afb420011ef0c88c9d5f11ea526,2/2/2018 11:21,144.9,12.22,esporte_lazer,sports_leisure,51,639,1,1143,24,22,19,13060,campinas,SP,f6c49a0d64b4c1dbe189545fcae600cc,3,No Title,No Message,1/31/2018 0:00,1/31/2018 23:09,263,1,144.9
aa9f03ecd3728c9bd12e6d962c66c7cb,b03e9d9818ee170e9d6b983803c7d406,75388,trindade,GO,07429f7601b56a66d1854c79a2f5c9e5,delivered,7/11/2017 9:36,7/11/2017 9:50,7/11/2017 19:42,7/21/2017 20:06,8/4/2017,1,credit_card,5,232.22,1,a04a2402a7774ba53d10ed2ce29715e3,17ca9b9e9b9ef8fdb529001b49ebb50f,7/17/2017 9:50,99.97,16.14,cama_mesa_banho,bed_bath_table,58,589,1,3000,16,50,40,32677,betim,MG,beb336ba89a6895623f8837542fbf2f0,5,No Title,"Prazo de entrega bem antes do previsto, produto de acordo com as descrições, Recomendo.",7/22/2017 0:00,7/24/2017 11:19,465,2,199.94
aa9f03ecd3728c9bd12e6d962c66c7cb,b03e9d9818ee170e9d6b983803c7d406,75388,trindade,GO,07429f7601b56a66d1854c79a2f5c9e5,delivered,7/11/2017 9:36,7/11/2017 9:50,7/11/2017 19:42,7/21/2017 20:06,8/4/2017,1,credit_card,5,232.22,2,a04a2402a7774ba53d10ed2ce29715e3,17ca9b9e9b9ef8fdb529001b49ebb50f,7/17/2017 9:50,99.97,16.14,cama_mesa_banho,bed_bath_table,58,589,1,3000,16,50,40,32677,betim,MG,beb336ba89a6895623f8837542fbf2f0,5,No Title,"Prazo de entrega bem antes do previsto, produto de acordo com as descrições, Recomendo.",7/22/2017 0:00,7/24/2017 11:19,465,2,199.94
230c0d740401730c7197d16376893525,a302a693d5722d95984e6472150b9391,85808,cascavel,PR,f481e2c2c039ab1665d048d7e2cf5e00,delivered,6/6/2018 16:53,6/6/2018 17:13,6/8/2018 14:46,6/13/2018 20:48,7/17/2018,1,credit_card,3,151.6,1,4e8b71eebba5605faf020d7e2a5067c9,98dac6635aee4995d501a3972e047414,6/14/2018 17:13,12.09,18.23,utilidades_domesticas,housewares,59,1614,1,450,16,26,11,2030,sao paulo,SP,03e5a07487c1b49fdc458621476033c9,1,QUANTIDADE ERRADA,"COMPREI 05 COPOS E RECEBI APENAS 01 COPO, POR FAVOR SOLICITO A ENTREGA DOS DEMAIS COPOS QUE FIZ A COMPRA E EFETUEI O PAGAMENTO",6/14/2018 0:00,6/18/2018 18:14,135,5,60.45
230c0d740401730c7197d16376893525,a302a693d5722d95984e6472150b9391,85808,cascavel,PR,f481e2c2c039ab1665d048d7e2cf5e00,delivered,6/6/2018 16:53,6/6/2018 17:13,6/8/2018 14:46,6/13/2018 20:48,7/17/2018,1,credit_card,3,151.6,2,4e8b71eebba5605faf020d7e2a5067c9,98dac6635aee4995d501a3972e047414,6/14/2018 17:13,12.09,18.23,utilidades_domesticas,housewares,59,1614,1,450,16,26,11,2030,sao paulo,SP,03e5a07487c1b49fdc458621476033c9,1,QUANTIDADE ERRADA,"COMPREI 05 COPOS E RECEBI APENAS 01 COPO, POR FAVOR SOLICITO A ENTREGA DOS DEMAIS COPOS QUE FIZ A COMPRA E EFETUEI O PAGAMENTO",6/14/2018 0:00,6/18/2018 18:14,135,5,60.45
230c0d740401730c7197d16376893525,a302a693d5722d95984e6472150b9391,85808,cascavel,PR,f481e2c2c039ab1665d048d7e2cf5e00,delivered,6/6/2018 16:53,6/6/2018 17:13,6/8/2018 14:46,6/13/2018 20:48,7/17/2018,1,credit_card,3,151.6,3,4e8b71eebba5605faf020d7e2a5067c9,98dac6635aee4995d501a3972e047414,6/14/2018 17:13,12.09,18.23,utilidades_domesticas,housewares,59,1614,1,450,16,26,11,2030,sao paulo,SP,03e5a07487c1b49fdc458621476033c9,1,QUANTIDADE ERRADA,"COMPREI 05 COPOS E RECEBI APENAS 01 COPO, POR FAVOR SOLICITO A ENTREGA DOS DEMAIS COPOS QUE FIZ A COMPRA E EFETUEI O PAGAMENTO",6/14/2018 0:00,6/18/2018 18:14,135,5,60.45
230c0d740401730c7197d16376893525,a302a693d5722d95984e6472150b9391,85808,cascavel,PR,f481e2c2c039ab1665d048d7e2cf5e00,delivered,6/6/2018 16:53,6/6/2018 17:13,6/8/2018 14:46,6/13/2018 20:48,7/17/2018,1,credit_card,3,151.6,4,4e8b71eebba5605faf020d7e2a5067c9,98dac6635aee4995d501a3972e047414,6/14/2018 17:13,12.09,18.23,utilidades_domesticas,housewares,59,1614,1,450,16,26,11,2030,sao paulo,SP,03e5a07487c1b49fdc458621476033c9,1,QUANTIDADE ERRADA,"COMPREI 05 COPOS E RECEBI APENAS 01 COPO, POR FAVOR SOLICITO A ENTREGA DOS DEMAIS COPOS QUE FIZ A COMPRA E EFETUEI O PAGAMENTO",6/14/2018 0:00,6/18/2018 18:14,135,5,60.45
230c0d740401730c7197d16376893525,a302a693d5722d95984e6472150b9391,85808,cascavel,PR,f481e2c2c039ab1665d048d7e2cf5e00,delivered,6/6/2018 16:53,6/6/2018 17:13,6/8/2018 14:46,6/13/2018 20:48,7/17/2018,1,credit_card,3,151.6,5,4e8b71eebba5605faf020d7e2a5067c9,98dac6635aee4995d501a3972e047414,6/14/2018 17:13,12.09,18.23,utilidades_domesticas,housewares,59,1614,1,450,16,26,11,2030,sao paulo,SP,03e5a07487c1b49fdc458621476033c9,1,QUANTIDADE ERRADA,"COMPREI 05 COPOS E RECEBI APENAS 01 COPO, POR FAVOR SOLICITO A ENTREGA DOS DEMAIS COPOS QUE FIZ A COMPRA E EFETUEI O PAGAMENTO",6/14/2018 0:00,6/18/2018 18:14,135,5,60.45
a905baa530258422594f1b05615bd225,c80da60feddb7cf8325bd104032e314a,60140,fortaleza,CE,4f0695330f3816ef294bf1f4b18f4f2e,delivered,3/29/2018 21:28,3/29/2018 21:35,4/12/2018 23:36,5/8/2018 16:52,4/23/2018,1,credit_card,1,77.3,1,3fbc0ef745950c7932d5f2a446189725,06a2c3af7b3aee5d69171b0e14f0ee87,4/4/2018 21:35,61.99,15.31,beleza_saude,health_beauty,50,1257,1,350,19,12,13,65072,sao luis,MA,d90d6003d35e50529615ad62c8fb3b81,1,No Title,No Message,4/25/2018 0:00,4/25/2018 4:24,204,1,61.99
4fa19f7da692e6bf9602aaad3c372eda,a2b8841410cf77619574d311cd06fd5e,72270,brasilia,DF,958c2c6f97278761a6dc851ac6bc0f1e,delivered,3/27/2018 18:05,3/28/2018 2:48,3/29/2018 23:22,4/7/2018 17:46,4/17/2018,1,boleto,1,304.55,1,a02d0123079f4ae96001ba2010d1a2df,1025f0e2d44d7041d6cf58b6550e0bfa,4/4/2018 2:48,250,54.55,construcao_ferramentas_iluminacao,construction_tools_lights,57,771,1,12000,45,35,45,3204,sao paulo,SP,0210ec3c50e44f24dc2f970edd60d9cd,5,No Title,No Message,4/8/2018 0:00,4/8/2018 23:33,206,1,250
03f846ad03437d864a8d2a22976dcafe,7677c213007e9a6ec9267ea50b5ce5bc,2075,sao paulo,SP,23656d2d2cc437bb9aa69984ee84d980,delivered,2/20/2018 11:34,2/20/2018 11:47,2/21/2018 18:29,2/22/2018 19:11,3/6/2018,1,credit_card,1,18.77,1,815ab08327dd05cc75b2b67311f83239,1da3aeb70d7989d1e6d9b0e887f97c23,2/26/2018 11:47,10.99,7.78,brinquedos,toys,45,698,3,450,20,12,17,4265,sao paulo,SP,7700dd809ddf0db38ae98dce43d08aa4,5,No Title,No Message,2/23/2018 0:00,2/24/2018 1:13,241,1,10.99
de4e13fd7d6469c5ada77d0843c55e42,0c17f9ac28cbd7323f0f4043e9db5907,96015,pelotas,RS,e04d4af0a4a1090bf68ccfee2dd809ef,delivered,5/8/2018 22:55,5/8/2018 23:11,5/10/2018 18:29,5/24/2018 20:28,6/6/2018,1,credit_card,1,128.48,1,461f43be3bdf8844e65b62d9ac2c7a5a,7d13fca15225358621be4086e1eb0964,5/14/2018 23:11,118,10.48,relogios_presentes,watches_gifts,35,591,3,444,20,14,16,14050,ribeirao preto,SP,bf240ba5e4891f67010805f0b9ffd9b5,1,produto errado,"venho outro modelo de relógio casio, diferente do relógio que comprei.",5/25/2018 0:00,5/27/2018 21:24,164,1,118
8276de07ef25225d412b8462d73f8664,332cf4e83e16004ba7dca932ce82475b,90010,porto alegre,RS,b63fff1ef8b6201df68bb611ee41129e,delivered,4/2/2017 22:15,4/4/2017 5:55,4/13/2017 16:28,5/2/2017 13:53,5/8/2017,1,boleto,1,146.21,1,aba86c093ccdbac75b09111d57e50004,7c67e1448b00f6e969d365cea6b010ab,4/17/2017 5:55,129.6,16.61,moveis_escritorio,office_furniture,41,154,1,2600,40,45,39,8577,itaquaquecetuba,SP,84467f1766775ba4c14fc25b3ca67905,4,No Title,"A crítica é à entrega, pois por se tratar dos Correios tiveram 3 vezes aqui em casa, sendo que? eu não estava em nenhuma das três, e não me deram a possibilidade de agendar o horário, tive q ir buscar",5/3/2017 0:00,5/3/2017 21:06,565,1,129.6
cc32707d2e2f7c92ab449f9b28154809,0d516ca029d6a28d5cfddd80b27a26dc,22440,rio de janeiro,RJ,0a082979e13de340740a9883be061fcf,delivered,11/19/2017 8:43,11/19/2017 9:05,11/20/2017 19:24,12/2/2017 14:26,12/18/2017,1,credit_card,2,187.53,1,ee6c49af1a2de55aa0e076257ab4ab99,1c68394e931a64f90ea236c5ea590300,11/29/2017 9:05,169.9,17.63,informatica_acessorios,computers_accessories,47,956,1,140,22,14,14,87114,sarandi,PR,7ee8d2815a39246432c9628e6f41c610,5,No Title,No Message,12/3/2017 0:00,12/4/2017 10:46,334,1,169.9
a02f66c3af7b16eec19ddcd98b645fe3,b3548d0cec408ae13d143bb4eeebaa6c,13323,salto,SP,db97652cf517d2cd03db63dec489ca62,delivered,10/1/2017 8:57,10/1/2017 9:14,10/2/2017 19:32,10/3/2017 14:23,10/18/2017,2,voucher,1,10.26,1,6e79f7513adfd9ac67faa19f0d4ace53,7040e82f899a04d1b434b795a43b4617,10/5/2017 9:14,19.9,7.78,informatica_acessorios,computers_accessories,40,449,1,350,27,5,20,1026,sao paulo,SP,5b550e0fa07184adf527dd78a718803e,3,No Title,"Recebi o produto, porém está faltando o nano.. uma peça fundamental para que o mouse funcione.",10/4/2017 0:00,10/4/2017 17:50,383,3,59.7
a02f66c3af7b16eec19ddcd98b645fe3,b3548d0cec408ae13d143bb4eeebaa6c,13323,salto,SP,db97652cf517d2cd03db63dec489ca62,delivered,10/1/2017 8:57,10/1/2017 9:14,10/2/2017 19:32,10/3/2017 14:23,10/18/2017,3,voucher,1,7.15,1,6e79f7513adfd9ac67faa19f0d4ace53,7040e82f899a04d1b434b795a43b4617,10/5/2017 9:14,19.9,7.78,informatica_acessorios,computers_accessories,40,449,1,350,27,5,20,1026,sao paulo,SP,5b550e0fa07184adf527dd78a718803e,3,No Title,"Recebi o produto, porém está faltando o nano.. uma peça fundamental para que o mouse funcione.",10/4/2017 0:00,10/4/2017 17:50,383,3,59.7
a02f66c3af7b16eec19ddcd98b645fe3,b3548d0cec408ae13d143bb4eeebaa6c,13323,salto,SP,db97652cf517d2cd03db63dec489ca62,delivered,10/1/2017 8:57,10/1/2017 9:14,10/2/2017 19:32,10/3/2017 14:23,10/18/2017,1,voucher,1,10.27,1,6e79f7513adfd9ac67faa19f0d4ace53,7040e82f899a04d1b434b795a43b4617,10/5/2017 9:14,19.9,7.78,informatica_acessorios,computers_accessories,40,449,1,350,27,5,20,1026,sao paulo,SP,5b550e0fa07184adf527dd78a718803e,3,No Title,"Recebi o produto, porém está faltando o nano.. uma peça fundamental para que o mouse funcione.",10/4/2017 0:00,10/4/2017 17:50,383,3,59.7
26acee41e2f75689a5615892f06ea0bd,c3293e875ffb1116018edf76d24e52a2,30190,belo horizonte,MG,8cc7ecd8057b154fb9227536dba2ce24,delivered,12/5/2017 17:12,12/5/2017 18:04,12/11/2017 23:46,12/12/2017 21:27,12/21/2017,1,credit_card,5,150.15,1,da31a8967c1dd9649b9e034eaa588783,66922902710d126a0e7d26b0e3805106,12/11/2017 17:31,135,15.15,pet_shop,pet_shop,53,1139,7,2450,50,30,40,31842,belo horizonte,MG,b22adc8ff36b4989f3bd1f5a3584c05b,5,No Title,Excelente produto e com suporte. De pós venda maravilhoso,12/13/2017 0:00,12/15/2017 8:46,318,1,135
f64cdee66599119324ce57a97e43700d,d89e05e2d23c3d8247aeecd07758004b,13212,jundiai,SP,84725ed03be12141b53a435b57fbd336,delivered,9/11/2017 16:51,9/12/2017 4:44,9/15/2017 14:33,9/18/2017 21:39,9/28/2017,1,boleto,1,46.78,1,de809d6e8b2d61c8d82566466916d5ba,92d14edfb62ee5ae7fdff70b0f4e7233,9/18/2017 4:44,39,7.78,alimentos_bebidas,food_drink,51,678,2,1200,30,21,21,9810,sao bernardo do campo,SP,d399266f406fedf0aef8f2ffb03d4700,3,No Title,No Message,9/19/2017 0:00,9/20/2017 11:30,403,1,39
7ab7a537b678b6dd73d825ff6ee7be9d,dad5018ffc0de85eb72f72575b552784,29307,cachoeiro de itapemirim,ES,3e4a8d7b151d4f81900cea441f80d544,delivered,9/8/2017 15:41,9/8/2017 16:04,9/12/2017 16:31,9/21/2017 19:23,9/28/2017,1,credit_card,3,252.42,1,b9142260cefbbd5688748061179bb7fe,a3e9a2c700480d9bb01fba070ba80a0e,9/14/2017 16:04,226,26.42,cama_mesa_banho,bed_bath_table,49,316,1,5850,45,21,37,14940,ibitinga,SP,651f8799c9cda539ffa01d1f2ea35b2b,5,No Title,No Message,9/22/2017 0:00,9/25/2017 22:24,406,1,226
7300450cedf7e4c35c243c4a03c1e8a6,95700615deef776ed32faa08f0be634e,12280,cacapava,SP,eafa53108733896f6f18e2f8daca6f37,delivered,7/30/2018 22:31,7/30/2018 23:31,8/6/2018 9:52,8/13/2018 23:58,8/17/2018,1,credit_card,3,175.33,1,7bb6d6699f4f2ff3315e4df8419d4584,b2ba3715d723d245138f291a6fe42594,8/8/2018 22:45,159.9,15.43,papelaria,stationery,39,211,1,2900,32,44,21,3470,sao paulo,SP,88f363e320cdcfc54ab9485aca9d1d1c,5,10,No Message,8/14/2018 0:00,8/16/2018 1:17,81,1,159.9
4c7241af24b5344cb01fe687643de4fe,b157c176c3fe04914fde33f2dc8b878a,60336,fortaleza,CE,ad380680e87dea0f2abf5cd5bace626c,shipped,1/21/2018 15:54,1/22/2018 13:52,1/24/2018 18:26,,2/20/2018,1,credit_card,1,74.38,1,13c270dd3d811877114b2a225436a79a,77530e9772f57a62c906e1c21538ab82,1/26/2018 13:52,49,25.38,moveis_decoracao,furniture_decor,59,1972,4,300,69,11,11,80310,curitiba,PR,614c979929f4c737a7b5034897a30267,3,No Title,"Não recebi o produto Ainda, mas aguardo receber até sexta feira. A previsão de entrega era dia 20.",2/22/2018 0:00,2/22/2018 9:30,271,1,49
97e126f19a6f04b3462619f36862bcd2,d4397835ae287e492b186d497099439a,11310,sao vicente,SP,b336214a092c49699b59cfefc4b19ff1,delivered,3/21/2018 14:15,3/21/2018 15:30,3/27/2018 17:04,3/31/2018 19:03,4/3/2018,1,credit_card,1,55.36,1,437c05a395e9e47f9762e677a7068ce7,f84fa566034f5e8e880a07ec624c56af,3/27/2018 15:30,47.65,7.71,beleza_saude,health_beauty,40,409,1,1110,19,11,18,13330,indaiatuba,SP,445e6ac73d0d57302cc24f6a07ef6fba,5,No Title,No Message,4/1/2018 0:00,4/3/2018 16:25,212,1,47.65
6d27a9361e591da38c87a5e70253f3f2,76b029c87118a29f2e3de420f5ec2fa2,38408,uberlandia,MG,bce1e6fae8db0875cde2048ee4220438,delivered,12/28/2017 10:45,12/28/2017 10:54,12/28/2017 22:04,1/8/2018 17:00,1/29/2018,1,credit_card,8,372.52,1,c5b72065154ec27c2d1ed8a654c3348f,b33e7c55446eabf8fe1a42d037ac7d6d,1/4/2018 10:54,190.83,3.42,relogios_presentes,watches_gifts,36,1116,1,416,18,9,13,14850,pradopolis,SP,0f8fd34e53f1e578d63523da9b9c811f,5,No Title,No Message,1/9/2018 0:00,1/9/2018 20:00,295,2,340.63
6d27a9361e591da38c87a5e70253f3f2,76b029c87118a29f2e3de420f5ec2fa2,38408,uberlandia,MG,bce1e6fae8db0875cde2048ee4220438,delivered,12/28/2017 10:45,12/28/2017 10:54,12/28/2017 22:04,1/8/2018 17:00,1/29/2018,1,credit_card,8,372.52,2,fdc1340be043a0e6807741d687fc1cd4,fa1c13f2614d7b5c4749cbc52fecda94,1/4/2018 10:54,149.8,28.47,relogios_presentes,watches_gifts,57,452,1,200,16,11,20,13170,sumare,SP,0f8fd34e53f1e578d63523da9b9c811f,5,No Title,No Message,1/9/2018 0:00,1/9/2018 20:00,295,2,340.63
6810c3dc47f641181fcc7f73275c3d19,7eaa86786b5955ab188db287f4726d79,37720,botelhos,MG,c1f9a3a835ab0d3d2975ab179f78ab75,delivered,9/26/2017 18:53,9/26/2017 19:07,9/27/2017 20:30,10/5/2017 20:18,10/23/2017,1,credit_card,12,251.28,1,e74c906e50417096a9c1fb2c5860b010,70eea00b476a314817cefde4aad4f89a,10/2/2017 19:07,219,32.28,utilidades_domesticas,housewares,54,698,1,5900,65,12,45,13250,itatiba,SP,f54431c5fc8e63d01827eff3d6dfbf88,5,No Title,No Message,10/6/2017 0:00,10/9/2017 10:05,388,1,219
b514422efcf14bef34858a0829bef189,b436a108536c1dabbc1d3e808d782df9,24431,sao goncalo,RJ,6c241acf57ed5ad34e75d73e49f80f0e,delivered,12/28/2017 4:31,12/28/2017 4:47,12/28/2017 17:59,1/23/2018 22:36,1/30/2018,1,credit_card,1,29,1,ef1cd7db4d53e9ab7517ec9d4aecfa03,4c2b230173bb36f9b240f2b8ac11786e,1/4/2018 4:47,14.9,14.1,esporte_lazer,sports_leisure,45,211,1,150,16,16,11,3933,sao paulo,SP,d169e9d597d9dcfc89f83e07ce710326,1,No Title,No Message,1/24/2018 0:00,1/25/2018 2:00,295,1,14.9
0aae2862f8eac77f10a34f44860720ac,cd076285a12f40041b32f5ad8c98699f,5890,sao paulo,SP,0c65b54ed2c147ffd0092eb2308ee63d,delivered,3/23/2017 11:07,3/23/2017 11:07,3/24/2017 10:36,4/4/2017 14:58,4/13/2017,1,credit_card,4,61.1,1,ab40c45cb88545d5efa2679b30cec4c3,5075aaa8404020ae6aa8bf4792099b41,3/29/2017 11:07,14.99,15.56,bebidas,drinks,40,472,1,4300,50,20,20,37706,pocos de caldas,MG,a8982e3fcad712d8f80bcef8d6427d7b,4,No Title,No Message,4/5/2017 0:00,4/8/2017 23:14,575,2,29.98
0aae2862f8eac77f10a34f44860720ac,cd076285a12f40041b32f5ad8c98699f,5890,sao paulo,SP,0c65b54ed2c147ffd0092eb2308ee63d,delivered,3/23/2017 11:07,3/23/2017 11:07,3/24/2017 10:36,4/4/2017 14:58,4/13/2017,1,credit_card,4,61.1,2,ab40c45cb88545d5efa2679b30cec4c3,5075aaa8404020ae6aa8bf4792099b41,3/29/2017 11:07,14.99,15.56,bebidas,drinks,40,472,1,4300,50,20,20,37706,pocos de caldas,MG,a8982e3fcad712d8f80bcef8d6427d7b,4,No Title,No Message,4/5/2017 0:00,4/8/2017 23:14,575,2,29.98
6c9a5923526346cbc0bd7bbd92269c01,cf6d4152d758efc43910e0141ae5b912,3733,sao paulo,SP,580e2b6c3cb7687af1cb01ebeed86265,delivered,8/22/2018 11:39,8/22/2018 11:50,8/22/2018 22:07,8/23/2018 18:34,8/27/2018,1,credit_card,8,361.2,1,4775a411941138402e6de133a0245dad,67883baaae6134ee81b271a542613728,8/24/2018 11:50,350,11.2,relogios_presentes,watches_gifts,41,304,1,250,16,16,16,1310,sao paulo,SP,5d55dbc8dd9da839f55ea32bdf83f058,5,No Title,Muito bom! Entrega antes do prazo! ,8/24/2018 0:00,8/24/2018 22:26,58,1,350
1b2cb35b19b40b61f953d32ea157b337,468d559ef2dcd2bea6d8db78959fb90f,83709,araucaria,PR,fba547ee0dbc8830f00e8d3cc83bf246,delivered,8/25/2018 11:24,8/25/2018 11:35,8/27/2018 12:26,8/30/2018 19:54,9/19/2018,1,credit_card,1,39.15,1,145978af3e89b318be0b717a0953649a,18e694e0e48ed6f7aa3f24aade5fd697,8/29/2018 11:35,20.9,18.25,informatica_acessorios,computers_accessories,56,295,3,150,31,3,28,13224,varzea paulista,SP,b865923482aafbee1eda1f7e587ad7f3,5,No Title,No Message,8/31/2018 0:00,9/1/2018 0:24,55,1,20.9
12d1b4294fef21016c9614eb31e55e15,7556f182460418cf30957e6ce377c674,11347,sao vicente,SP,08e92ad91f0ce4572b374d35637140ec,delivered,3/12/2018 14:56,3/12/2018 16:15,3/14/2018 23:04,4/2/2018 18:58,4/11/2018,1,credit_card,1,62.31,1,dbb4b4f90abe510323ed00da4314b2c3,066a6914e1ebf3ea95a216c73a986b91,3/16/2018 16:15,42.99,19.32,automotivo,auto,39,626,3,5250,32,16,26,85863,foz do iguacu,PR,f256f37937f41f98c38b07726a0734f5,5,No Title,Boa atendimento ,4/3/2018 0:00,4/4/2018 12:29,221,1,42.99
f6529ffebe6b3440d45d89604a4239ac,e5dbefdfdf3eff75c8e6cd655f128279,26272,nova iguacu,RJ,cc07a8fdd3a8e94d683c8142a117dbc1,shipped,1/11/2018 17:11,1/12/2018 17:49,1/17/2018 16:56,,2/9/2018,1,voucher,1,137.6,1,5a848e4ab52fd5445cdc07aab1c40e48,c826c40d7b19f62a09e2d7c5e7295ee2,1/18/2018 17:49,122.99,14.61,,,,,,400,20,12,15,7133,guarulhos,SP,b3e872bf70b6b54f82b468147ad1319d,1,No Title,Acho um desrespeito pediram pra buscar no correio cheguei lá o produto já não estava sondor de cabeça ,2/16/2018 0:00,2/16/2018 14:53,281,1,122.99
8264e3518163dd09211870b24a5d741d,67d21c8bea9d6017d1b124d3879dd815,5415,sao paulo,SP,e1b2b399fc8d82464976a550af8ee646,delivered,3/24/2018 13:38,3/24/2018 13:50,3/28/2018 20:42,4/8/2018 22:34,4/12/2018,1,credit_card,1,133.28,1,4283bfae8ccecf22edb4cc17084aeab0,4e5725ba188db8252977a4f0227bd462,3/29/2018 13:50,120,13.28,cool_stuff,cool_stuff,40,304,1,175,15,15,11,14092,ribeirao preto,SP,8eef9c7d3847691a446ad4c43c2cbdb6,5,No Title,No Message,4/9/2018 0:00,4/12/2018 2:01,209,1,120
8392e3d4cfeec63f2a8bfea68bf1f91f,fd2d5fdb84e65fa6b54b98b0e2df5645,59655,areia branca,RN,8fd361858abba7604b18a32f16483a8d,delivered,5/22/2017 19:23,5/22/2017 19:30,5/24/2017 13:40,6/2/2017 13:06,6/27/2017,1,credit_card,3,80.57,1,1706d1bb420e7ef2404270b38e937fbc,9646c3513289980f17226a2fc4720dbd,5/29/2017 19:30,44.9,35.67,informatica_acessorios,computers_accessories,39,95,1,1000,30,20,30,12215,sao jose dos campos,SP,fa39f401d7ec0e5691e6a58a9b6154f1,5,No Title,"produto entregue no prazo, muito bom!",6/3/2017 0:00,6/5/2017 23:23,515,1,44.9
38d1cd89306128348ffdf4cc23f3a50a,d491a65a6ef3c04e145d37395996bad7,4548,sao paulo,SP,e3c131bbe953a1cdb1dbaf261715c368,delivered,3/16/2017 16:41,3/16/2017 16:41,3/17/2017 11:07,3/21/2017 11:27,4/4/2017,1,credit_card,1,27.71,1,207bb2d8180c2c7654872f6fab96e40e,2138ccb85b11a4ec1e37afbd1c8eda1f,3/22/2017 16:41,18.99,8.72,telefonia,telephony,30,305,1,100,19,3,11,8250,sao paulo,SP,2a9c6a7f501b6f06187ba67b7086b6d4,5,No Title,Entrega OK em tempo OK. ,3/22/2017 0:00,3/27/2017 14:23,582,1,18.99
91ec76836092bba85d11761078ed7bb5,6edd17d0a29e2d4057e694afee5eaa3b,28010,campos dos goytacazes,RJ,9cefab6270eb935eb96a97c56b8e7984,delivered,6/7/2018 21:41,6/7/2018 21:54,6/11/2018 12:16,6/15/2018 17:28,7/5/2018,2,voucher,1,161.18,1,bb50f2e236e5eea0100680137654686c,f7ba60f8c3f99e7ee4042fdef03b70c4,6/17/2018 21:54,330,20.19,beleza_saude,health_beauty,60,2644,6,400,34,4,22,9628,sao bernardo do campo,SP,54c83de8a207280fcbdd6e2a2d572d31,4,No Title,No Message,6/16/2018 0:00,6/16/2018 23:06,134,2,660
91ec76836092bba85d11761078ed7bb5,6edd17d0a29e2d4057e694afee5eaa3b,28010,campos dos goytacazes,RJ,9cefab6270eb935eb96a97c56b8e7984,delivered,6/7/2018 21:41,6/7/2018 21:54,6/11/2018 12:16,6/15/2018 17:28,7/5/2018,1,credit_card,2,189.01,1,bb50f2e236e5eea0100680137654686c,f7ba60f8c3f99e7ee4042fdef03b70c4,6/17/2018 21:54,330,20.19,beleza_saude,health_beauty,60,2644,6,400,34,4,22,9628,sao bernardo do campo,SP,54c83de8a207280fcbdd6e2a2d572d31,4,No Title,No Message,6/16/2018 0:00,6/16/2018 23:06,134,2,660
f9dfa0a2934ffbb22e66924952548be8,bf6e263ffc1f89999827615522b0aa45,13573,sao carlos,SP,fc9cb1d496b03a40d603876228b48bff,delivered,5/2/2018 22:30,5/2/2018 23:30,5/3/2018 13:33,5/8/2018 15:58,5/21/2018,1,credit_card,2,52.26,1,54d9ac713e253fa1fae9c8003b011c2a,955fee9216a65b617aa5c0531780ce60,5/8/2018 23:09,35,17.26,cool_stuff,cool_stuff,57,787,8,1867,36,6,36,4782,sao paulo,SP,22eaae63aedb4cce559d1048db20625a,4,Adorei ,"Excelente produto, chegou antes do prazo e satisfaz minha necessidade, super recomendo ",5/9/2018 0:00,5/9/2018 19:33,170,1,35
5a3260cfde2a918b597dada7ddd247bb,6d3f61e35d0422fd8cae65b1798784be,2175,sao paulo,SP,3f113daaf8b405bcc4349a2812061fa4,delivered,10/27/2017 18:24,10/27/2017 18:35,10/31/2017 16:35,11/1/2017 17:42,11/9/2017,1,credit_card,1,5.77,1,2c28b6fda526be32ed276b4dfc421acb,e5a3438891c0bfdb9394643f95273d8e,11/3/2017 18:35,20.3,8.11,fashion_bolsas_e_acessorios,fashion_bags_accessories,52,1431,1,200,16,2,11,13483,limeira,SP,b1ebfea52576707c9822a9b4215e129c,4,No Title,Satisfeita,11/2/2017 0:00,11/3/2017 12:25,357,2,40.6
5a3260cfde2a918b597dada7ddd247bb,6d3f61e35d0422fd8cae65b1798784be,2175,sao paulo,SP,3f113daaf8b405bcc4349a2812061fa4,delivered,10/27/2017 18:24,10/27/2017 18:35,10/31/2017 16:35,11/1/2017 17:42,11/9/2017,2,voucher,1,22.64,1,2c28b6fda526be32ed276b4dfc421acb,e5a3438891c0bfdb9394643f95273d8e,11/3/2017 18:35,20.3,8.11,fashion_bolsas_e_acessorios,fashion_bags_accessories,52,1431,1,200,16,2,11,13483,limeira,SP,b1ebfea52576707c9822a9b4215e129c,4,No Title,Satisfeita,11/2/2017 0:00,11/3/2017 12:25,357,2,40.6
ee3a81b2771fec5f9e982cdb1b3a4804,a9a77b4e25980b7ca58cb71f878abb27,37500,itajuba,MG,fe650e72e3f39d6c3a0e3d87da7971cd,delivered,3/26/2018 23:43,3/27/2018 0:07,3/27/2018 18:08,4/12/2018 0:44,4/13/2018,1,credit_card,1,59.78,1,efa490145b5cc82438b6a6de691535fa,8d956fec2e4337affcb520f56fd8cbfd,4/2/2018 0:07,46.99,12.79,informatica_acessorios,computers_accessories,57,938,2,500,30,10,11,9780,sao bernardo do campo,SP,56a86f661bb5414f640ac0993d5dda77,5,No Title,No Message,4/12/2018 0:00,4/12/2018 20:00,207,1,46.99
784c407781aa34749a388c9283782b56,eca666aec08df69fe31aa9a11d4a3302,90670,porto alegre,RS,bf5fcdf1603bb35d981edec95d3ac6c8,delivered,6/18/2018 13:18,6/18/2018 13:39,6/19/2018 14:40,6/27/2018 19:46,7/18/2018,1,credit_card,4,40.27,1,a2da86fa759178e9e58e54aa1a144e59,ea8482cd71df3c1969d7b9473ff13abc,6/21/2018 13:31,24.99,15.28,telefonia,telephony,57,777,5,350,17,4,12,4160,sao paulo,SP,4a977be6ff6115fad1f9feca0aecb174,5,No Title,No Message,6/28/2018 0:00,6/29/2018 15:34,123,1,24.99
3f6ede29d4c69cd3316d2035b6cec1fb,7a380cb5434e6b6b5b37d45bb99dbe8a,9890,sao bernardo do campo,SP,23c0fb66f3afa483b302cc740b14f17b,delivered,5/16/2018 23:45,5/18/2018 4:36,5/18/2018 9:35,5/21/2018 13:48,6/13/2018,1,boleto,1,247.69,1,727017cd91a0361b8ae4cfcff15e9682,3785b653b1b82de85ab47dd139938091,5/23/2018 4:36,88,17.35,utilidades_domesticas,housewares,45,207,1,1200,19,22,19,85640,ampere,PR,501a67d75d08da290d34b3ae6fec6601,5,No Title,No Message,5/22/2018 0:00,5/24/2018 23:13,156,2,212.99
3f6ede29d4c69cd3316d2035b6cec1fb,7a380cb5434e6b6b5b37d45bb99dbe8a,9890,sao bernardo do campo,SP,23c0fb66f3afa483b302cc740b14f17b,delivered,5/16/2018 23:45,5/18/2018 4:36,5/18/2018 9:35,5/21/2018 13:48,6/13/2018,1,boleto,1,247.69,2,44b63b148b673cb9a06672f06683b9b4,a673821011d0cec28146ea42f5ab767f,5/25/2018 4:36,124.99,17.35,cama_mesa_banho,bed_bath_table,40,384,1,2555,55,17,48,3809,sao paulo,SP,501a67d75d08da290d34b3ae6fec6601,5,No Title,No Message,5/22/2018 0:00,5/24/2018 23:13,156,2,212.99
6bed27564bd99d78d09c1fac13da56fd,463093247faa080167d77f2e6d1b297d,13321,salto,SP,0e5d9583490deb1e011b1c8e7da13398,delivered,3/22/2018 12:07,3/22/2018 12:15,3/27/2018 22:12,5/9/2018 19:48,4/11/2018,1,credit_card,4,328.17,1,9d014ce7c9f42f5d675f893d6abf1339,46dc3b2cc0980fb8ec44634e21d2718e,3/28/2018 12:15,299.99,28.18,bebes,baby,53,361,2,5125,34,32,31,22240,rio de janeiro,RJ,f6113199cd352db89c5a7e59b903d549,1,No Title,"Entrega super em atraso, preciso de um esclarecimento do ocorrido",4/13/2018 0:00,4/13/2018 16:32,211,1,299.99
670254dd2e886ffe621b3831afb47d7d,914b142462685e3161cf3a9f4152a028,44380,cruz das almas,BA,984e03738ab50cbe683fc484c809d5ba,delivered,8/8/2018 21:04,8/8/2018 21:44,8/20/2018 15:09,8/27/2018 20:34,10/5/2018,1,debit_card,1,213.47,1,e2372fa4eec7531e44bb43844876e25b,db2956745b3a8e9f3785c99f34b5d25e,8/19/2018 21:30,189,24.47,beleza_saude,health_beauty,60,886,1,500,20,12,12,11600,sao sebastiao,SP,038403c9b4336a2ebb76df6b6a4fa56e,5,No Title,No Message,8/28/2018 0:00,8/31/2018 18:05,72,1,189
f7cb015ff73be957ee6a30e2577742c5,e235442a956c524e6c141141171f5801,27700,vassouras,RJ,c502981c13af31e66327c143bc885a2d,delivered,5/31/2018 14:38,6/5/2018 4:51,6/13/2018 15:08,6/16/2018 10:58,7/12/2018,1,boleto,1,137.23,1,71540d636652fc682032d3b3c0a180c1,213b25e6f54661939f11710a6fddb871,6/13/2018 4:51,113.85,23.38,casa_construcao,home_construction,54,923,8,1050,16,27,16,13321,salto,SP,b8c48e0adda740035e6353fb1e5bfe81,4,No Title,No Message,6/17/2018 0:00,6/18/2018 11:08,141,1,113.85
ea2196dc456ba36fe4f6b81dca4867d4,4a4de987b37555970ffcc9608d858a72,44033,feira de santana,BA,2b4da54d791ba338407fa772e336b880,delivered,10/6/2017 8:37,10/7/2017 8:44,10/9/2017 18:44,11/3/2017 21:52,11/7/2017,1,credit_card,3,253.05,1,18290697e1929309b3195d2931c91b09,a1474fd46fd3430168f7ec202da39408,10/13/2017 8:44,214,39.05,automotivo,auto,50,750,1,2313,45,11,32,83321,pinhais,SP,f1ad242eef3808f28def2f868cd148c7,5,No Title,Gostei muito da venda das informações do produto. Do acabamento do produto ficou otimo na motocicleta,11/4/2017 0:00,11/7/2017 1:18,378,1,214
09241c552e9fe2420997a6c535e9d408,44e9a1246448bd68a2e3bf0f1966c57a,4537,sao paulo,SP,e96a4c3bfb4afc0cb895a76f5ba0440b,delivered,4/15/2018 21:23,4/15/2018 21:35,4/19/2018 11:58,4/20/2018 20:47,5/2/2018,1,credit_card,1,61.38,1,437c05a395e9e47f9762e677a7068ce7,bf84056e679dbe9c69929847a40e338f,4/19/2018 21:35,53.99,7.39,beleza_saude,health_beauty,40,409,1,1110,19,11,18,2537,sao paulo,SP,23a1b92553d61a6bb3fa11433439b563,5,No Title,No Message,4/21/2018 0:00,4/22/2018 0:16,187,1,53.99
e50a30de3c32f9406a7185f40ce6874d,b4d6e1b900d99b52e901860bc1f44e35,71540,brasilia,DF,a394b2199baa9280c6febcaf0b35ffeb,delivered,6/24/2018 22:17,6/24/2018 22:38,6/26/2018 11:22,7/3/2018 17:29,7/24/2018,1,credit_card,2,148.2,1,19c91ef95d509ea33eda93495c4d3481,06a2c3af7b3aee5d69171b0e14f0ee87,6/28/2018 22:30,122.99,25.21,beleza_saude,health_beauty,50,1257,1,700,25,12,19,65072,sao luis,MA,a8243dbf2708b76c4c89558621f37f41,5,Recomendo,Loja nota 10,7/3/2018 0:00,7/6/2018 0:10,117,1,122.99
f89c1a6b9c966869e441e55bc14acddc,809353196a0456095716566dd226bb48,13569,sao carlos,SP,317f677073cd35ced91d8e59ce483b0e,delivered,4/30/2018 1:37,4/30/2018 1:50,4/30/2018 14:12,5/7/2018 18:08,5/22/2018,1,credit_card,2,158.94,1,063d853b6d570a9a5d06e8e044658c21,0cbcee27c791afa0cdcb08587a2013a8,5/7/2018 1:50,139,19.94,esporte_lazer,sports_leisure,63,1777,10,900,22,15,20,37410,tres coracoes,MG,5d4e13901cf9c59fd59e9b309ac38ec4,3,Mochila ok,"Pelo valor, é uma mochila boa. Os fechos são um pouco dificeis de manejar e alguns bolsos nunca ficarão 100% fechados (não é bom pra colocar moedas e coisas pequenas).
Um zíper também veio sem o fech",5/8/2018 0:00,5/10/2018 16:54,172,1,139
23e96758fd640560e9b1fbcda90abfc4,9e1f719fe5b17b9c51905fee6d6385c1,5565,sao paulo,SP,fb9a9bc9654c16364f348fb2309b1214,delivered,4/2/2018 8:54,4/2/2018 9:09,4/11/2018 22:08,4/20/2018 21:42,4/19/2018,1,credit_card,4,267.76,1,68baff1f2dbcb2df8581897b10150905,b19f3ca2ea475913750f25a5c37c8d8f,4/6/2018 9:09,199.99,67.77,utilidades_domesticas,housewares,46,828,2,19600,53,35,35,35501,divinopolis,MG,402dd81c9c7d5c5913e84daa2599a20c,2,No Title,"Bonita, pratica, porém a tampa da churrasqueira é mais pesada que o corpo e como a trava que para a tampa não funciona com o peso ela tompa, as alças da grelha vieram amassadas e tambem são fracas",4/21/2018 0:00,4/23/2018 10:14,200,1,199.99
369708cabd9831ea6fde670a3b602a92,94b731a41867b47c3856e324840c4c99,3636,sao paulo,SP,cf50fec98e2167d836c09c0ed57ba841,delivered,8/27/2017 15:05,8/27/2017 15:24,8/28/2017 20:22,8/29/2017 15:56,9/8/2017,1,credit_card,2,22.33,1,abb9d7140478c19fd773dc14e8071abd,7a67c85e85bb2ce8582c35f2203ad736,8/31/2017 15:24,12.99,9.34,cool_stuff,cool_stuff,43,199,1,200,20,13,20,3426,sao paulo,SP,4c83c6d014be70939ac8f996733d76da,5,No Title,chegou rapido,8/30/2017 0:00,9/3/2017 22:24,418,1,12.99
5f8b4882b5a4ec7bf6d2107e6cd0cf29,694cb45ff29b603ac2acd51016770097,24120,niteroi,RJ,1d748fa1652f04b064b6cf65739b04dc,delivered,12/5/2017 12:56,12/6/2017 2:35,12/12/2017 19:51,1/9/2018 12:20,12/29/2017,1,boleto,1,61.01,1,ec2d43cc59763ec91694573b31f1c29a,1c129092bf23f28a5930387c980c0dfc,12/12/2017 2:35,45.9,15.11,cama_mesa_banho,bed_bath_table,38,735,5,800,20,20,20,2972,sao paulo,SP,6ee3c2b9df4339d749e91688ccc57dcc,1,No Title,O produto não foi entregue.,1/4/2018 0:00,1/4/2018 11:27,318,1,45.9
ad6891a1937cb8723a2c08ba1ae59873,9dbb05f5577e862337b93feb8f358839,65058,sao luis,MA,38289de96763d9d81470f67583f4b2f0,delivered,8/22/2018 11:49,8/23/2018 2:44,8/23/2018 12:39,8/29/2018 19:48,8/27/2018,1,boleto,1,76.15,1,3fbc0ef745950c7932d5f2a446189725,06a2c3af7b3aee5d69171b0e14f0ee87,8/27/2018 2:44,66.99,9.16,beleza_saude,health_beauty,50,1257,1,350,19,12,13,65072,sao luis,MA,fd9a02e148aa070d5bbdcdc16c8e24e7,5,No Title,gostei ,8/30/2018 0:00,8/31/2018 22:44,58,1,66.99
ae76a4650235ab18764708174f1da31e,2b6082a140c439e2df870c85b0aa5e88,2983,sao paulo,SP,4c33ec562d9dc5655e160913aa86eb53,shipped,8/11/2017 23:47,8/12/2017 0:03,8/14/2017 13:24,,9/11/2017,1,credit_card,5,58.59,1,07c055536ebf10dfbb6c6db6dbfc36e5,cca3071e3e9bb7d12640c9fbe2301306,8/17/2017 0:03,45.9,12.69,moveis_decoracao,furniture_decor,59,473,1,600,30,3,20,14940,ibitinga,SP,18a80894de129917815e652bde9bf45a,1,No Title,Fiz a compra e não entregou em minha casa. Fiz o cancelamento e ainda recebo estes e-mail enchendo o saco.,9/13/2017 0:00,9/13/2017 12:44,434,1,45.9
a1b9e0e44dbb043645cd14b00849a705,eab761ccdba80c5b9a7f01b16543da0f,4105,sao paulo,SP,7fc809c604a87ada4f484b5c0d0f2abc,delivered,12/27/2017 12:10,12/27/2017 12:18,12/28/2017 19:39,1/3/2018 17:53,1/24/2018,1,credit_card,2,216.62,1,671be61e4013fc77e2d3586ffc1e51f1,e2aee0892199b1d92530e371abd825bf,1/3/2018 12:18,109.99,106.63,esporte_lazer,sports_leisure,28,710,1,30000,90,60,50,86600,rolandia,PR,75cdba9692ed5817389bba00d04d5242,5,No Title,No Message,1/4/2018 0:00,1/4/2018 21:54,296,1,109.99
443b534d0d27a8aa9a184d4869bcbe7a,4071d48a2d0d0bf179c06fc42b962e1f,89260,jaragua do sul,SC,9f50c2639dfe5494951bc9d4d1a3ff87,delivered,12/15/2017 9:23,12/15/2017 9:34,12/20/2017 1:04,1/8/2018 18:29,1/17/2018,1,credit_card,1,75.67,1,3e03619d360cd44f29e094aae3c4a76b,50c9975695009e5e6473912e83a6d1da,12/21/2017 9:34,37.8,37.87,esporte_lazer,sports_leisure,57,609,1,6950,24,7,11,35530,claudio,MG,716400b252406103d4122658cd541a41,3,No Title,No Message,1/9/2018 0:00,1/10/2018 14:24,308,1,37.8
126cf4e9fd189d2d64bc9b112fd6a5e8,90d479448b39ad9586d05da64cfb695b,62016,sobral,CE,af3fae91bafed6357991c4a3be0125d4,delivered,3/28/2017 11:16,3/28/2017 11:30,3/30/2017 11:22,5/17/2017 15:41,5/3/2017,1,credit_card,2,163.46,1,b79361867edbe85462b548334d136a8a,e24fc9fcd865784fb25705606fe3dfe7,4/3/2017 11:30,138,25.46,beleza_saude,health_beauty,49,1773,2,125,13,7,9,12913,braganca paulista,SP,b581416c19c837962246552359f82dd3,2,No Title,No Message,5/5/2017 0:00,5/5/2017 15:23,570,1,138
530220145a68ef57f0cc54faf1061f8c,7b24d0e6584ac5a21ec1256d96965500,35500,divinopolis,MG,3e64ee45a339ce09c4e27564b45ba09e,delivered,8/7/2017 20:11,8/9/2017 2:50,8/9/2017 19:46,8/15/2017 17:42,8/25/2017,1,boleto,1,109.29,1,c45f017c36f9112a8bb4f170edfb1870,dbc22125167c298ef99da25668e1011f,8/15/2017 2:50,94.9,14.39,malas_acessorios,luggage_accessories,45,702,1,1400,33,10,49,37564,borda da mata,MG,970a2bf9e01381721c8bd043883da7d5,5,No Title,No Message,8/16/2017 0:00,8/17/2017 22:11,438,1,94.9
4cc465bb8ccb079ba561852ffa794668,7981196c7252350915beb9a7367d40b2,8743,mogi das cruzes,SP,0cde8327c49577c3c0fed91e084daef5,delivered,3/27/2018 19:07,3/27/2018 19:15,4/3/2018 23:05,4/7/2018 15:28,4/9/2018,1,credit_card,6,346.21,1,94f584e1a1158e97314c59b190dfb899,2528513dd95219a6013d4d05176e391a,4/2/2018 19:15,329,17.21,casa_conforto,home_confort,58,216,3,9650,50,20,40,6060,osasco,SP,4198d35a785946b89c115358d9a42fb9,5,No Title,No Message,4/8/2018 0:00,4/8/2018 21:21,206,1,329
9b7822c67a91b431e9254007b587214d,9d0ac1cdbfc919d676e2c2377abb32c1,71928,brasilia,DF,4f586e2756d31db4f5d770d170dd51ae,delivered,5/1/2018 20:45,5/1/2018 21:12,5/3/2018 15:05,5/11/2018 11:42,5/29/2018,1,credit_card,3,69.97,1,368c6c730842d78016ad823897a372db,1f50f920176fa81dab994f9023523100,5/7/2018 21:12,53.9,16.07,ferramentas_jardim,garden_tools,57,366,2,1650,30,22,30,15025,sao jose do rio preto,SP,fd4367b6307aee2ee45de7276e45993a,4,No Title,No Message,5/12/2018 0:00,5/12/2018 15:17,171,1,53.9
1f6ba909178c5b0e523cabcadb617a4c,b1a049b952fdc19b69b2865c29986b9c,4938,sao paulo,SP,d152d9b39cef5941978b389e5ffee780,delivered,6/30/2018 21:02,6/30/2018 21:15,7/3/2018 19:41,7/4/2018 14:41,7/16/2018,1,credit_card,1,50.76,1,51e8feeedd83467b86a79aa2769367c5,1da3aeb70d7989d1e6d9b0e887f97c23,7/2/2018 21:15,17.99,7.39,brinquedos,toys,52,429,5,150,20,20,20,4265,sao paulo,SP,02c16afd687582bb74294ae64d43963e,5,No Title,No Message,7/5/2018 0:00,7/8/2018 3:35,111,2,35.98
1f6ba909178c5b0e523cabcadb617a4c,b1a049b952fdc19b69b2865c29986b9c,4938,sao paulo,SP,d152d9b39cef5941978b389e5ffee780,delivered,6/30/2018 21:02,6/30/2018 21:15,7/3/2018 19:41,7/4/2018 14:41,7/16/2018,1,credit_card,1,50.76,2,51e8feeedd83467b86a79aa2769367c5,1da3aeb70d7989d1e6d9b0e887f97c23,7/2/2018 21:15,17.99,7.39,brinquedos,toys,52,429,5,150,20,20,20,4265,sao paulo,SP,02c16afd687582bb74294ae64d43963e,5,No Title,No Message,7/5/2018 0:00,7/8/2018 3:35,111,2,35.98
39c9dc82d5f60eb1ee8bc4fe4aa29dc6,1f6d48610f32c723924f9af3e88f1c64,2209,sao paulo,SP,dfc9bc36d5db98182f4b1dc41fe8e258,delivered,9/21/2017 13:22,9/21/2017 13:35,9/22/2017 16:23,9/25/2017 22:53,10/6/2017,1,credit_card,1,8.1,1,4cd6ba4ea3112de8fc238307c4dc6307,259f7b5e6e482c230e5bfaa670b6bb8f,9/27/2017 13:35,39.9,11.73,cama_mesa_banho,bed_bath_table,43,506,3,1000,35,8,25,8550,poa,SP,a65d4f775a6af9c41a7aeca2543e6be9,5,No Title,No Message,9/26/2017 0:00,9/28/2017 15:11,393,2,79.8
39c9dc82d5f60eb1ee8bc4fe4aa29dc6,1f6d48610f32c723924f9af3e88f1c64,2209,sao paulo,SP,dfc9bc36d5db98182f4b1dc41fe8e258,delivered,9/21/2017 13:22,9/21/2017 13:35,9/22/2017 16:23,9/25/2017 22:53,10/6/2017,2,voucher,1,43.53,1,4cd6ba4ea3112de8fc238307c4dc6307,259f7b5e6e482c230e5bfaa670b6bb8f,9/27/2017 13:35,39.9,11.73,cama_mesa_banho,bed_bath_table,43,506,3,1000,35,8,25,8550,poa,SP,a65d4f775a6af9c41a7aeca2543e6be9,5,No Title,No Message,9/26/2017 0:00,9/28/2017 15:11,393,2,79.8
560829a36d563e8395cc073071a02bfd,fa7e6f153b7724fda5c1d7cc7b9ae4ec,25850,paraiba do sul,RJ,f07b0af882cdeef616def36fd78fbb23,delivered,7/16/2017 19:20,7/16/2017 19:30,7/18/2017 19:47,7/24/2017 17:44,8/8/2017,1,credit_card,10,256.33,1,6f3b5b605d91b7439c5e3f5a8dffeea7,fa1c13f2614d7b5c4749cbc52fecda94,7/20/2017 19:30,239.9,16.43,relogios_presentes,watches_gifts,35,640,1,335,17,11,16,13170,sumare,SP,f084e19e5295abb80d67fe8d1923c8e8,3,No Title,No Message,7/25/2017 0:00,7/30/2017 0:24,460,1,239.9
b80adce6a72fc096b80a540312a24a95,8728c766c84eeda24b3e54fe6e632051,53437,paulista,PE,176ab7788ed5343b09c9c5442f613614,delivered,5/29/2017 23:18,5/29/2017 23:30,5/31/2017 8:29,6/19/2017 20:09,7/3/2017,1,credit_card,3,144.26,1,a50acd33ba7a8da8e9db65094fa990a4,8581055ce74af1daba164fdbd55a40de,6/4/2017 23:30,117.3,26.96,automotivo,auto,53,555,1,4105,67,10,67,7112,guarulhos,SP,e3aaec1cc00525567b6346fb9a07d8dd,5,No Title,No Message,6/21/2017 0:00,6/21/2017 23:57,508,1,117.3
eb67e9bd3357fbacdbef99759f919573,4bc7250d4b42b3374eb6f41b12429592,4710,sao paulo,SP,42a5f0ddbf1e377e7d31ef5957b62c0a,delivered,2/6/2017 16:49,2/6/2017 17:02,2/9/2017 10:53,2/11/2017 12:38,3/1/2017,1,credit_card,8,251.28,1,025249b91a565601dc1b8f47ee7a230e,fa1c13f2614d7b5c4749cbc52fecda94,2/10/2017 16:49,239,12.28,relogios_presentes,watches_gifts,49,589,2,500,16,13,13,13170,sumare,SP,978a84a39919cad361bea4e6fc835197,5,No Title,No Message,2/12/2017 0:00,2/13/2017 10:32,620,1,239
70a8cfb1730fd53e5c15f2a62e1e5448,29f61e71b90b55a988f45a66bb91bfb7,6382,carapicuiba,SP,eb7ac481803eb5bc5b7cfe431a03d39a,delivered,9/13/2017 21:41,9/13/2017 21:55,9/14/2017 16:54,9/15/2017 19:36,9/25/2017,1,credit_card,2,36.78,1,2136c70bbe723d338fab53da3c03e6dc,6560211a19b47992c3666cc44a7e94c0,9/19/2017 21:55,29,7.78,relogios_presentes,watches_gifts,55,167,3,200,16,2,11,5849,sao paulo,SP,da8ec15d9eaa860f6f27837873bdea44,1,No Title,No Message,9/16/2017 0:00,9/24/2017 14:00,401,1,29
8891eb5ca0e28df961b2b5b8f3c0eb23,13ac6da47fef1b17b16f511e03b57918,2632,sao paulo,SP,ff536d93ae4214b4d51c2894ccfc569f,shipped,12/21/2017 9:01,12/22/2017 12:33,1/3/2018 18:22,,1/10/2018,1,credit_card,1,47.27,1,53d2c16e7356d124bb2a3f64ca920754,4e922959ae960d389249c378d1c939f5,12/29/2017 12:32,39,8.27,esporte_lazer,sports_leisure,60,1412,2,433,16,16,16,12327,jacarei,SP,1a6be4c794d5e3da242a364f6a98163f,3,No Title,Chigling,12/28/2017 0:00,12/28/2017 22:54,302,1,39
eb03682e1118b3af176b229932bfa8be,9553802042571deac62d5789ed18a241,95765,bom principio,RS,ad87776df87aa84719c1be3456cbbf4d,delivered,2/26/2018 23:20,2/27/2018 0:00,2/28/2018 15:04,3/8/2018 21:26,3/28/2018,1,credit_card,6,67.22,1,60142008404f92c16972d1cb6dd0e3c8,98dac6635aee4995d501a3972e047414,3/4/2018 23:31,52.11,15.11,utilidades_domesticas,housewares,58,1567,1,2000,16,20,11,2030,sao paulo,SP,d01b8c2ee14bfd2cf310f2dacb492bc3,5,No Title,"Produto de qualidade, bem embalado, e alem de lindo.. Amei.. Entrega super rápida...",3/9/2018 0:00,3/10/2018 1:07,235,1,52.11
db781c2a257ae6fb647104d94c9af367,37e1a83b513512531032b4a9c43bab5d,2631,sao paulo,SP,2b9f86a52457f652ac6b282b5dde09b2,delivered,6/3/2018 14:50,6/4/2018 14:51,6/5/2018 9:43,6/7/2018 23:27,7/5/2018,1,credit_card,2,142.78,1,18becf80f3bb277fc07eee177b32cad2,cc63f0dd2acba93ffed4fe9f8e0321fa,6/12/2018 14:51,125,17.78,utilidades_domesticas,housewares,57,2598,2,3467,47,23,31,15025,sao jose do rio preto,SP,d5dd563b40fc546aea231acc2ceb048e,5,No Title, Produto de otima qualidade e muito bonita. Parabens. Chegou um mes antes do prazo.,6/8/2018 0:00,6/9/2018 14:11,138,1,125
fe6d73ac006153a398439253006e5adc,60f874c577dc096ecd52bd0bf6bd5942,36780,astolfo dutra,MG,e99f27b73c1fb9070310e00d081d3c96,delivered,4/17/2018 9:48,4/17/2018 10:55,4/17/2018 22:58,4/25/2018 22:16,5/8/2018,1,credit_card,5,95.4,1,6109d0cae3bcb57d579bc0fab6e61814,dbc22125167c298ef99da25668e1011f,4/23/2018 10:55,79.99,15.41,malas_acessorios,luggage_accessories,45,573,1,1250,49,10,34,37564,borda da mata,MG,7b32cb20d3184290f595c69fb99e859b,5,No Title,No Message,4/26/2018 0:00,5/1/2018 4:28,185,1,79.99
aa0fbd830c89acc3d79d311ff43d0920,eabd76f3506262b0db0dda1d48394a9b,80050,curitiba,PR,7c7b5f633170511dbd889d3c4b2794bc,delivered,8/11/2017 21:40,8/11/2017 22:05,8/15/2017 19:52,8/21/2017 20:55,9/6/2017,1,credit_card,1,164.26,1,b8b8c1d09039868046cdc2251e973b1b,3b15288545f8928d3e65a8f949a28291,8/20/2017 22:05,145.99,18.27,cama_mesa_banho,bed_bath_table,58,419,1,2250,40,6,30,14940,ibitinga,SP,f1a087f73c0a1fb822af24c2b8465115,4,No Title,No Message,8/22/2017 0:00,8/23/2017 23:21,434,1,145.99
af9d76931724cedc3b32de0c5aabcc8a,93bf5d4e752358fa9ea738ebf793cb79,30664,belo horizonte,MG,c5931c69b3085bba2cdb9c348ec86719,delivered,5/21/2017 15:46,5/22/2017 15:55,5/23/2017 8:50,5/29/2017 11:42,6/13/2017,1,credit_card,2,24.09,1,d1793ff6ccc9b6845e09a4f376903274,432c37c9dfba871172ec162e20118b8c,5/26/2017 15:55,9.99,14.1,informatica_acessorios,computers_accessories,57,402,2,100,16,2,11,70235,brasilia,DF,8b0a187f37e222ab48c7ee1ec183ca97,4,No Title,No Message,5/30/2017 0:00,6/2/2017 0:04,516,1,9.99
b0964d76975dbc174b623b5a300973d5,24a5c2b24a4467c37e2f54c1b311de93,86990,marialva,PR,56b50d57e6b735968a48a170b8364893,delivered,2/8/2017 16:06,2/9/2017 2:55,2/9/2017 10:52,2/21/2017 17:08,3/9/2017,1,boleto,1,200.36,1,34ca28e1d0a2055f325d4275bad02073,f8db351d8c4c4c22c6835c19a46f01b0,2/12/2017 16:06,184.9,15.46,utilidades_domesticas,housewares,60,1256,7,3300,32,29,51,13324,salto,SP,866183a70abe84acbb6a8a786f7a748f,1,No Title,No Message,2/22/2017 0:00,2/25/2017 3:53,618,1,184.9
bf60fa574e188373d3cb331d04aeb4f1,54fccbde5e005f2dbc6ad8d5473c9ac7,8490,sao paulo,SP,9170795672365189693d65667780f9ed,delivered,5/30/2018 16:13,5/30/2018 16:31,6/4/2018 14:24,6/5/2018 20:17,6/25/2018,1,credit_card,1,21.38,1,51250f90d798d377a1928e8a4e2e9ae1,3c7c4a49ec3c6550809089c6a2ca9370,6/7/2018 16:31,13.99,7.39,perfumaria,perfumery,54,937,1,50,16,5,11,3804,sao paulo,SP,287b668a77dc980140752c5eaf22986e,5,Perfeito,Muito bom o produto,6/6/2018 0:00,6/9/2018 0:48,142,1,13.99
66cc929741c3d1d277e05b4540bf9a8c,1bdff446efb5846d0969eaf8978d4342,15015,sao jose do rio preto,SP,fc24b77521e400e8290a902026efcc85,delivered,8/1/2017 15:14,8/1/2017 15:35,8/4/2017 19:49,8/7/2017 21:15,8/23/2017,1,credit_card,2,196.66,1,102977ffbec43473f129d2e77b019475,01cf7e3d21494c41fb86034f2e714fa1,8/7/2017 15:35,80.52,17.81,utilidades_domesticas,housewares,48,514,1,1138,35,28,24,85603,francisco beltrao,PR,68c49ef4957e7d9d5ce406058b4848c3,4,No Title,No Message,8/8/2017 0:00,8/11/2017 10:31,444,2,161.04
66cc929741c3d1d277e05b4540bf9a8c,1bdff446efb5846d0969eaf8978d4342,15015,sao jose do rio preto,SP,fc24b77521e400e8290a902026efcc85,delivered,8/1/2017 15:14,8/1/2017 15:35,8/4/2017 19:49,8/7/2017 21:15,8/23/2017,1,credit_card,2,196.66,2,102977ffbec43473f129d2e77b019475,01cf7e3d21494c41fb86034f2e714fa1,8/7/2017 15:35,80.52,17.81,utilidades_domesticas,housewares,48,514,1,1138,35,28,24,85603,francisco beltrao,PR,68c49ef4957e7d9d5ce406058b4848c3,4,No Title,No Message,8/8/2017 0:00,8/11/2017 10:31,444,2,161.04
e32daa14dfa90eff675034dc7d462cf3,52e57dd9218d99ea21b26f00c9151761,28909,cabo frio,RJ,08b74b3a8bd41e7de2ac99b200eec62d,delivered,5/9/2018 13:48,5/9/2018 14:15,5/10/2018 13:29,6/9/2018 16:03,5/28/2018,1,credit_card,5,54.22,1,d7ec0aa2d69643c6709f21fd76f010db,715bbd5ba4e6b74cb0d2f29eb45058b0,5/11/2018 14:15,34.9,19.32,relogios_presentes,watches_gifts,44,523,3,550,38,12,38,13930,serra negra,SP,4654d4c12ecb9f0a630a44544c9c89f3,3,No Title,"Fiz 3 compras nesse dia em parceiros diferentes, porém o restante já chegou !",5/30/2018 0:00,6/5/2018 18:02,163,1,34.9
23ff88906d6e5bfbb904867f888b3658,d04c37e1699d05ba4f5fe7cf2bffc97a,32140,contagem,MG,5b7c6dbea3e21dc6314451ed73907c0c,delivered,6/11/2018 20:09,6/12/2018 4:57,6/14/2018 12:42,6/20/2018 22:38,7/11/2018,1,boleto,1,48.27,1,1a3577790b3f28eb137b105c4d62ca17,94b9108d4b637ba65bb4f1e53cfcf8d8,6/20/2018 4:57,31.86,16.41,eletronicos,electronics,50,703,3,590,34,18,24,7221,guarulhos,SP,b5fefbd650addf158a9bdeed0df6188b,5,Otimo,"Podem comprar cumpre oque prometem.
Parabens",6/21/2018 0:00,6/21/2018 19:44,130,1,31.86
8d1b923f85a34afac5bd669d50417602,82e96a74eeb99b61395a1403630fe437,38410,uberlandia,MG,1be187af7e77d6ee0671be02c229b679,delivered,5/30/2018 10:12,5/30/2018 10:30,6/1/2018 12:54,6/14/2018 20:46,7/12/2018,1,credit_card,7,72.34,1,966746deb2173a72d95ca8b80223f014,1900267e848ceeba8fa32d80c1a5f5a8,6/7/2018 10:30,53,19.34,cama_mesa_banho,bed_bath_table,59,565,1,750,16,10,16,14940,ibitinga,SP,696a80628f16220233a31cab1ce3ef30,2,No Title,Linda.entrega rápida... parabéns,6/15/2018 0:00,6/16/2018 0:35,142,1,53
7897c2b0a7cb0636ec2d75020c14c1a5,7b3b8cf6cef1b5fb3f47348a33cd6d42,86640,cafeara,PR,c65d58d799052b1354bb0a7063b29621,delivered,6/1/2018 10:24,6/2/2018 3:35,6/5/2018 8:53,6/18/2018 9:33,7/16/2018,1,boleto,1,103.14,1,5b226d7c52f86ac72457617f78cff95d,1835b56ce799e6a4dc4eddc053f04066,6/11/2018 3:35,80,23.14,cama_mesa_banho,bed_bath_table,50,381,1,875,25,18,40,14940,ibitinga,SP,563a9b4022520a9a04973f1c5799dcd3,1,Produto não é bom!,"Produto muito diferente da imagem apresentada no site da lannister, o diâmetro não chega nem
próximo do apresentado no site, não serve na cama Queen Size, péssimo acabamento não tem nada de Elegance",6/19/2018 0:00,6/19/2018 13:38,140,1,80
3ccb27f9c7ee205656acef98c19fc061,f32cdbbeca0aba5358bddc018dd12b09,91340,porto alegre,RS,a8c3124b7f912401d702018ae0c02b05,delivered,4/16/2018 20:46,4/16/2018 23:12,5/8/2018 14:04,5/16/2018 0:22,5/22/2018,1,credit_card,1,165.83,1,e0d64dcfaa3b6db5c54ca298ae101d05,2eb70248d66e0e3ef83659f71b244378,4/29/2018 23:12,149.9,15.93,relogios_presentes,watches_gifts,35,514,2,4338,17,12,14,13101,campinas,SP,707b741578dcb1ad4d976821a9a1e892,2,No Title,No Message,5/17/2018 0:00,5/17/2018 21:15,186,1,149.9
ab23bc8d29aaf7a3978d8e819817575b,2e61eefc516ee26837d29fd3d76530fa,14600,sao joaquim da barra,SP,9d107f7c71a717cfcccc479c9e300302,delivered,5/27/2018 18:27,5/27/2018 18:54,5/28/2018 9:29,6/6/2018 14:38,6/28/2018,1,credit_card,6,122.02,1,6ed0ed10d62b45f3de46933b0b2989a6,c6bda72e4dbf5c5866b13cb1810c6d03,6/4/2018 18:54,107.9,14.12,bebes,baby,32,1531,1,700,30,40,50,3087,sao paulo,SP,286483f4c7d0818069dfa78227d8dd55,5,No Title,Produto Excelente ,6/7/2018 0:00,6/7/2018 18:01,145,1,107.9
c82a5e4fafdbeb34f08928ccfba27d14,ca19a17e381182923b66007a351574b7,85854,foz do iguacu,PR,89e954a7919e964597b60e9f016df7fd,delivered,5/15/2017 23:34,5/16/2017 19:15,5/18/2017 11:37,5/25/2017 12:39,6/8/2017,1,credit_card,1,47.74,1,45cfee87da128a8f939226bedd92a72d,718539d38d07dd351c76db862760e2e2,5/24/2017 19:15,32.64,15.1,pet_shop,pet_shop,55,703,1,1500,50,30,33,13088,campinas,SP,d0608d125f4c9c5f6cb1f72c51103eae,5,No Title,entrega muito rapida sempre que compre chega antes do prazo.,5/26/2017 0:00,5/29/2017 18:05,522,1,32.64
7e468d618e16c6e1373fb2c4a522c969,96b1c916f245f2462efcde3fce04bc3e,30421,belo horizonte,MG,c8f50df8a3e4fc40685c137dd2253eac,delivered,2/13/2017 7:34,2/13/2017 7:45,2/13/2017 11:11,2/25/2017 8:37,3/16/2017,1,credit_card,3,185.61,1,2b5ae8fa7040dc2ecc8483150f36a667,3f8034bfc6b8b4135534975d49f04c63,2/17/2017 7:34,168,17.61,bebes,baby,33,1066,6,600,35,7,40,81560,curitiba,PR,5ebf3f1e7a9a2d29385b26ef8d827e97,5,No Title,No Message,2/26/2017 0:00,2/28/2017 19:21,613,1,168
dc53883e94804c81b4afdf2c23478d97,5ece49e012285b9003d084a4ea8a9c94,9862,sao bernardo do campo,SP,a1f5afc5fe7a4ee4bef93aab1e95772f,delivered,5/6/2017 11:09,5/11/2017 23:31,5/9/2017 8:48,5/16/2017 8:05,5/29/2017,1,credit_card,6,261.76,1,f4f67ccaece962d013a4e1d7dc3a61f7,8581055ce74af1daba164fdbd55a40de,5/12/2017 9:32,241.1,20.66,automotivo,auto,52,603,1,7625,61,14,61,7112,guarulhos,SP,9f6f9a9f0ea344f6c6d5fa8adbcca548,5,No Title,Muito rapido,5/17/2017 0:00,5/19/2017 18:03,531,1,241.1
53b6d45cb9684a4b93e0ba2030222456,5d348bbc0f1a5cc45c3e4b93b8c9f802,24431,sao goncalo,RJ,4550a99f6056026fc76c5030f0f45fe6,delivered,6/24/2017 13:10,6/24/2017 13:23,6/26/2017 14:52,8/16/2017 15:36,7/18/2017,1,credit_card,1,62.07,1,b47b33081c41014bc9f372b9a63228c0,76c47a299e4a8fe992316a85865acbe9,6/29/2017 13:23,45.96,16.11,beleza_saude,health_beauty,29,432,1,700,22,11,16,14075,ribeirao preto,SP,42eb7e9046ee17c4b5113d4d04c988fe,3,No Title,Ainda não recebi o produto.,7/20/2017 0:00,7/24/2017 14:19,482,1,45.96
f7c5afab273b47ab517e096e0219b932,b6c083700ca8c135ba9f0f132930d4e8,8686,suzano,SP,0be5691eb4c245d190a1e194494f754d,delivered,9/5/2017 15:32,9/5/2017 15:50,9/6/2017 19:37,9/11/2017 22:19,9/28/2017,1,credit_card,1,97.71,1,f4b952dd7ab601c02bb1bd06395f45f6,86ccac0b835037332a596a33b6949ee1,9/12/2017 15:50,79.9,17.81,relogios_presentes,watches_gifts,53,301,2,1183,23,5,26,89041,blumenau,SC,e561b0e39d2c9f333daec23cc868ca85,4,No Title,No Message,9/12/2017 0:00,9/13/2017 12:41,409,1,79.9
faafae37ddb3e4af81c10a397bcca35f,1a7a10e9273fca58179bdd0d40843b0c,7243,guarulhos,SP,e9376d90b28f9cdea83d4d850e4bb1a7,invoiced,9/1/2017 15:02,9/1/2017 15:15,,,9/15/2017,1,credit_card,4,139.62,1,391a014a66920fa0ce468319264e0232,ce27a3cc3c8cc1ea79d11e561e9bebb6,9/11/2017 15:15,129.9,9.72,consoles_games,consoles_games,38,880,2,550,33,28,41,3006,sao paulo,SP,779290111bf6cd10894690549ccff28a,1,No Title,"Recebi a ligação da empresa responsável pelo envio, alegando que o item não seria entregue porque o lote era defeituoso e não tinha peça de reposição ou produto similar. Aguardo um contato da loja.",9/17/2017 0:00,9/18/2017 17:53,413,1,129.9
acca74d2a60c03b46a5256c02cef9244,f34cd7fd85a1f8baff886edf09567be3,89120,timbo,SC,200331f78002771b79409a9cf7962dfa,delivered,8/22/2017 12:49,8/22/2017 13:07,8/31/2017 13:55,9/5/2017 18:40,9/18/2017,1,credit_card,6,214.32,1,30d1842be9c62546d3fb853119602ac2,8603f0038fe0e52fedd3382d266723de,9/1/2017 13:07,180,34.32,eletrodomesticos_2,home_appliances_2,50,914,3,11900,65,35,35,88495,garopaba,SC,69a1068c3128a14994e3e422e4539e04,5,No Title,No Message,9/6/2017 0:00,9/8/2017 0:24,423,1,180
cb96e80748675729d4d3857321cacb26,67626c49069bdf05ff127d59a6649948,88348,camboriu,SC,30eb73d30073a32e71dd71315e9660c9,delivered,12/9/2017 2:25,12/9/2017 2:49,12/14/2017 19:33,12/28/2017 21:17,1/11/2018,1,credit_card,1,43.09,1,a453b4ccccf554efba31d5ada5a59a60,ea8482cd71df3c1969d7b9473ff13abc,12/14/2017 2:49,27.99,15.1,telefonia,telephony,60,818,6,300,17,4,12,4160,sao paulo,SP,fea68cb555efcd37a435d4051a64d45b,4,No Title,No Message,12/29/2017 0:00,12/30/2017 1:35,314,1,27.99
05323a24770d4897bba59aab79f6d7b0,56636fd22de1a315b8a50d45cf94d859,95340,nova bassano,RS,227d9fcfc9f51432d5ad2898364eafff,delivered,8/27/2017 23:00,8/27/2017 23:10,8/31/2017 17:53,9/14/2017 21:13,9/26/2017,1,credit_card,1,33.59,1,77f11bb30ec0116ada15b3ff106b744d,ea8482cd71df3c1969d7b9473ff13abc,8/31/2017 23:10,18.49,15.1,telefonia,telephony,53,880,1,200,18,5,12,4160,sao paulo,SP,ea53d9660048e456b740ce1b3005b0cd,5,No Title,No Message,9/15/2017 0:00,9/19/2017 13:56,418,1,18.49
